timestamp,temp_bmp_c,pressure_hpa
2026-09-01 00:03:28,16.73,974.15
2026-09-01 00:08:28,16.77,974.18
2026-09-01 00:13:28,16.72,974.25
2026-09-01 00:18:28,16.58,974.22
2026-09-01 00:23:28,16.45,974.19
2026-09-01 00:28:28,16.39,974.22
2026-09-01 00:33:28,16.4,974.19
2026-09-01 00:38:28,16.36,974.26
2026-09-01 00:43:28,16.3,974.32
2026-09-01 00:48:28,16.26,974.48
2026-09-01 00:53:28,16.11,974.51
2026-09-01 00:58:28,15.91,974.5
2026-09-01 01:03:28,15.76,974.58
2026-09-01 01:08:28,15.77,974.55
2026-09-01 01:13:28,15.88,974.52
2026-09-01 01:18:28,16.01,974.5
2026-09-01 01:23:28,16.11,974.45
2026-09-01 01:28:28,16.12,974.35
2026-09-01 01:33:28,16.17,974.35
2026-09-01 01:38:28,16.08,974.28
2026-09-01 01:43:28,16.0,974.21
2026-09-01 01:48:28,16.02,974.25
2026-09-01 01:53:28,15.96,974.31
2026-09-01 01:58:28,16.04,974.23
2026-09-01 02:03:28,16.11,974.24
2026-09-01 02:08:28,16.21,974.26
2026-09-01 02:13:28,16.24,974.25
2026-09-01 02:18:28,16.24,974.24
2026-09-01 02:23:28,16.27,974.19
2026-09-01 02:28:28,16.31,974.16
2026-09-01 02:33:28,16.36,974.09
2026-09-01 02:38:28,16.43,974.11
2026-09-01 02:43:28,16.44,974.02
2026-09-01 02:48:28,16.51,973.91
2026-09-01 02:53:28,16.57,973.91
2026-09-01 02:58:28,16.63,973.93
2026-09-01 03:03:28,16.66,973.99
2026-09-01 03:08:28,16.67,973.93
2026-09-01 03:13:28,16.66,973.9
2026-09-01 03:18:28,16.67,973.86
2026-09-01 03:23:28,16.79,973.89
2026-09-01 03:28:28,16.87,973.72
2026-09-01 03:33:28,16.85,973.7
2026-09-01 03:38:28,16.73,973.79
2026-09-01 03:43:28,16.54,973.85
2026-09-01 03:48:28,16.38,973.81
2026-09-01 03:53:28,16.21,973.84
2026-09-01 03:58:28,15.99,973.83
2026-09-01 04:03:28,15.77,973.92
2026-09-01 04:08:28,15.56,973.79
2026-09-01 04:13:28,15.46,973.8
2026-09-01 04:18:28,15.29,973.84
2026-09-01 04:23:28,15.12,973.89
2026-09-01 04:28:28,14.99,973.94
2026-09-01 04:33:28,14.85,974.04
2026-09-01 04:38:28,14.74,974.1
2026-09-01 04:43:28,14.71,974.13
2026-09-01 04:48:28,14.55,974.13
2026-09-01 04:53:28,14.45,974.12
2026-09-01 04:58:28,14.47,974.18
2026-09-01 05:03:28,14.48,974.22
2026-09-01 05:08:28,14.44,974.18
2026-09-01 05:13:28,14.48,974.12
2026-09-01 05:18:28,14.6,974.05
2026-09-01 05:23:28,14.67,974.09
2026-09-01 05:28:28,14.65,974.02
2026-09-01 05:33:28,14.67,974.15
2026-09-01 05:38:28,14.69,974.18
2026-09-01 05:43:28,14.66,974.19
2026-09-01 05:48:28,14.46,974.27
2026-09-01 05:53:28,14.16,974.29
2026-09-01 05:58:28,13.96,974.24
2026-09-01 06:03:28,13.9,974.32
2026-09-01 06:08:28,13.94,974.39
2026-09-01 06:13:28,13.99,974.5
2026-09-01 06:18:28,14.03,974.46
2026-09-01 06:23:28,14.43,974.47
2026-09-01 06:28:28,15.06,974.47
2026-09-01 06:33:28,15.32,974.56
2026-09-01 06:38:28,15.35,974.62
2026-09-01 06:43:28,15.55,974.61
2026-09-01 06:48:28,15.69,974.6
2026-09-01 06:53:28,15.91,974.64
2026-09-01 06:58:28,15.89,974.66
2026-09-01 07:03:28,16.11,974.75
2026-09-01 07:08:28,16.31,974.84
2026-09-01 07:13:28,16.78,974.91
2026-09-01 07:18:28,17.25,974.96
2026-09-01 07:23:28,17.22,975.03
2026-09-01 07:28:28,17.23,975.05
2026-09-01 07:33:28,17.38,975.15
2026-09-01 07:38:28,17.35,975.23
2026-09-01 07:43:28,17.15,975.33
2026-09-01 07:48:28,17.26,975.34
2026-09-01 07:53:28,17.61,975.26
2026-09-01 07:58:28,17.61,975.36
2026-09-01 08:03:28,17.46,975.44
2026-09-01 08:08:28,17.15,975.49
2026-09-01 08:13:28,17.51,975.5
2026-09-01 08:18:28,17.87,975.5
2026-09-01 08:23:28,18.17,975.43
2026-09-01 08:28:28,18.46,975.46
2026-09-01 08:33:28,18.55,975.54
2026-09-01 08:38:28,18.63,975.62
2026-09-01 08:43:28,18.73,975.71
2026-09-01 08:48:28,18.82,975.69
2026-09-01 08:53:28,18.62,975.8
2026-09-01 08:58:28,18.81,975.76
2026-09-01 09:03:28,19.02,975.77
2026-09-01 09:08:28,19.17,975.84
2026-09-01 09:13:28,19.33,975.87
2026-09-01 09:18:28,19.28,975.93
2026-09-01 09:23:28,19.15,975.95
2026-09-01 09:28:28,18.83,976.04
2026-09-01 09:33:28,18.68,976.18
2026-09-01 09:38:28,19.8,976.18
2026-09-01 09:43:28,20.66,976.23
2026-09-01 09:48:28,21.45,976.31
2026-09-01 09:53:28,19.88,976.39
2026-09-01 09:58:28,19.78,976.45
2026-09-01 10:03:28,19.79,976.49
2026-09-01 10:08:28,20.19,976.46
2026-09-01 10:13:28,20.35,976.53
2026-09-01 10:18:28,20.52,976.51
2026-09-01 10:23:28,19.96,976.55
2026-09-01 10:28:28,19.13,976.57
2026-09-01 10:33:28,20.4,976.63
2026-09-01 10:38:28,21.19,976.6
2026-09-01 10:43:28,20.77,976.63
2026-09-01 10:48:28,19.9,976.64
2026-09-01 10:53:28,18.66,976.62
2026-09-01 10:58:28,18.61,976.6
2026-09-01 11:03:28,18.83,976.65
2026-09-01 11:08:28,19.15,976.64
2026-09-01 11:13:28,19.93,976.7
2026-09-01 11:18:28,20.67,976.71
2026-09-01 11:23:28,22.21,976.74
2026-09-01 11:28:28,22.31,976.72
2026-09-01 11:33:28,21.79,976.66
2026-09-01 11:38:28,22.58,976.66
2026-09-01 11:43:28,22.82,976.59
2026-09-01 11:48:28,22.55,976.5
2026-09-01 11:53:28,23.06,976.48
2026-09-01 11:58:28,22.79,976.53
2026-09-01 12:03:28,21.8,976.55
2026-09-01 12:08:28,22.63,976.55
2026-09-01 12:13:28,21.76,976.58
2026-09-01 12:18:28,20.95,976.7
2026-09-01 12:23:28,21.22,976.73
2026-09-01 12:28:28,21.43,976.66
2026-09-01 12:33:28,21.55,976.63
2026-09-01 12:38:28,21.21,976.65
2026-09-01 12:43:28,21.06,976.66
2026-09-01 12:48:28,20.83,976.6
2026-09-01 12:53:28,21.98,976.6
2026-09-01 12:58:28,22.1,976.61
2026-09-01 13:03:28,22.33,976.51
2026-09-01 13:08:28,22.79,976.49
2026-09-01 13:13:28,23.29,976.38
2026-09-01 13:18:28,23.37,976.42
2026-09-01 13:23:28,23.65,976.51
2026-09-01 13:28:28,22.78,976.44
2026-09-01 13:33:28,23.58,976.51
2026-09-01 13:38:28,23.97,976.56
2026-09-01 13:43:28,22.79,976.6
2026-09-01 13:48:28,23.46,976.53
2026-09-01 13:53:28,23.83,976.57
2026-09-01 13:58:28,24.46,976.57
2026-09-01 14:03:28,24.56,976.44
2026-09-01 14:08:28,24.81,976.48
2026-09-01 14:13:28,25.34,976.42
2026-09-01 14:18:28,24.73,976.39
2026-09-01 14:23:28,24.82,976.4
2026-09-01 14:28:28,25.06,976.46
2026-09-01 14:33:28,25.14,976.43
2026-09-01 14:38:28,24.36,976.47
2026-09-01 14:43:28,24.11,976.53
2026-09-01 14:48:28,23.76,976.49
2026-09-01 14:53:28,23.12,976.46
2026-09-01 14:58:28,22.5,976.36
2026-09-01 15:03:28,22.05,976.38
2026-09-01 15:08:28,21.8,976.38
2026-09-01 15:13:28,21.42,976.42
2026-09-01 15:18:28,20.96,976.4
2026-09-01 15:23:28,21.75,976.36
2026-09-01 15:28:28,22.27,976.31
2026-09-01 15:33:28,22.31,976.21
2026-09-01 15:38:28,21.34,976.3
2026-09-01 15:43:28,21.51,976.36
2026-09-01 15:48:28,22.52,976.28
2026-09-01 15:53:28,22.3,976.38
2026-09-01 15:58:28,21.6,976.37
2026-09-01 16:03:28,21.58,976.38
2026-09-01 16:08:28,21.61,976.43
2026-09-01 16:13:28,21.82,976.41
2026-09-01 16:18:28,22.06,976.37
2026-09-01 16:23:28,22.28,976.41
2026-09-01 16:28:28,21.67,976.41
2026-09-01 16:33:28,21.52,976.4
2026-09-01 16:38:28,21.81,976.48
2026-09-01 16:43:28,22.2,976.49
2026-09-01 16:48:28,22.31,976.48
2026-09-01 16:53:28,22.51,976.41
2026-09-01 16:58:28,22.73,976.48
2026-09-01 17:03:28,22.2,976.44
2026-09-01 17:08:28,21.54,976.43
2026-09-01 17:13:28,21.36,976.43
2026-09-01 17:18:28,21.56,976.41
2026-09-01 17:23:28,21.66,976.45
2026-09-01 17:28:28,21.48,976.48
2026-09-01 17:33:28,21.32,976.56
2026-09-01 17:38:28,20.88,976.66
2026-09-01 17:43:28,20.62,976.66
2026-09-01 17:48:28,20.62,976.65
2026-09-01 17:53:28,20.41,976.72
2026-09-01 17:58:28,20.51,976.71
2026-09-01 18:03:28,20.67,976.74
2026-09-01 18:08:28,20.57,976.71
2026-09-01 18:13:28,20.72,976.79
2026-09-01 18:18:28,20.54,976.77
2026-09-01 18:23:28,19.99,976.87
2026-09-01 18:28:28,19.44,976.82
2026-09-01 18:33:28,19.21,976.88
2026-09-01 18:38:28,19.04,976.87
2026-09-01 18:43:28,18.87,976.9
2026-09-01 18:48:28,18.72,976.93
2026-09-01 18:53:28,18.44,976.94
2026-09-01 18:58:28,18.27,976.93
2026-09-01 19:03:28,18.0,976.91
2026-09-01 19:08:28,17.92,976.99
2026-09-01 19:13:28,17.77,977.05
2026-09-01 19:18:28,17.42,977.06
2026-09-01 19:23:28,17.27,977.03
2026-09-01 19:28:28,17.07,977.08
2026-09-01 19:33:28,16.81,977.14
2026-09-01 19:38:28,16.62,977.21
2026-09-01 19:43:28,16.38,977.27
2026-09-01 19:48:28,16.32,977.29
2026-09-01 19:53:28,16.24,977.36
2026-09-01 19:58:28,16.08,977.45
2026-09-01 20:03:28,15.9,977.49
2026-09-01 20:08:28,15.7,977.5
2026-09-01 20:13:28,15.53,977.58
2026-09-01 20:18:28,15.33,977.55
2026-09-01 20:23:28,15.19,977.58
2026-09-01 20:28:28,15.09,977.66
2026-09-01 20:33:28,15.01,977.69
2026-09-01 20:38:28,14.92,977.72
2026-09-01 20:43:28,14.87,977.74
2026-09-01 20:48:28,14.71,977.77
2026-09-01 20:53:28,14.65,977.82
2026-09-01 20:58:28,14.58,977.84
2026-09-01 21:03:28,14.5,977.83
2026-09-01 21:08:28,14.46,977.81
2026-09-01 21:13:28,14.36,977.81
2026-09-01 21:18:28,14.26,977.87
2026-09-01 21:23:28,14.18,977.87
2026-09-01 21:28:28,14.14,977.85
2026-09-01 21:33:28,14.04,977.88
2026-09-01 21:38:28,13.99,977.92
2026-09-01 21:43:28,13.92,977.87
2026-09-01 21:48:28,13.81,977.88
2026-09-01 21:53:28,13.71,977.88
2026-09-01 21:58:28,13.54,977.87
2026-09-01 22:03:28,13.4,977.85
2026-09-01 22:08:28,13.38,977.86
2026-09-01 22:13:28,13.39,977.93
2026-09-01 22:18:28,13.39,977.92
2026-09-01 22:23:28,13.32,977.9
2026-09-01 22:28:28,13.31,977.89
2026-09-01 22:33:28,13.39,977.88
2026-09-01 22:38:28,13.44,977.89
2026-09-01 22:43:28,13.35,977.95
2026-09-01 22:48:28,13.14,978.01
2026-09-01 22:53:28,13.04,978.1
2026-09-01 22:58:28,13.04,978.1
2026-09-01 23:03:28,13.03,978.07
2026-09-01 23:08:28,13.02,978.1
2026-09-01 23:13:28,13.05,978.16
2026-09-01 23:18:28,13.02,978.14
2026-09-01 23:23:28,12.93,978.19
2026-09-01 23:28:28,12.87,978.17
2026-09-01 23:33:28,12.79,978.15
2026-09-01 23:38:28,12.76,978.2
2026-09-01 23:43:28,12.75,978.15
2026-09-01 23:48:28,12.72,978.16
2026-09-01 23:53:28,12.69,978.21
2026-09-01 23:58:28,12.7,978.22
2026-09-02 00:03:28,12.66,978.17
2026-09-02 00:08:28,12.56,978.22
2026-09-02 00:13:28,12.46,978.23
2026-09-02 00:18:28,12.36,978.19
2026-09-02 00:23:28,12.32,978.18
2026-09-02 00:28:28,12.24,978.12
2026-09-02 00:33:28,12.21,978.18
2026-09-02 00:38:28,12.17,978.16
2026-09-02 00:43:28,12.16,978.14
2026-09-02 00:48:28,12.07,978.22
2026-09-02 00:53:28,12.0,978.19
2026-09-02 00:58:28,11.96,978.21
2026-09-02 01:03:28,11.9,978.22
2026-09-02 01:08:28,11.82,978.16
2026-09-02 01:13:28,11.73,978.17
2026-09-02 01:18:28,11.63,978.18
2026-09-02 01:23:28,11.59,978.19
2026-09-02 01:28:28,11.53,978.17
2026-09-02 01:33:28,11.51,978.11
2026-09-02 01:38:28,11.5,978.13
2026-09-02 01:43:28,11.46,978.14
2026-09-02 01:48:28,11.4,978.2
2026-09-02 01:53:28,11.33,978.21
2026-09-02 01:58:28,11.29,978.19
2026-09-02 02:03:28,11.22,978.19
2026-09-02 02:08:28,11.18,978.19
2026-09-02 02:13:28,11.15,978.22
2026-09-02 02:18:28,11.12,978.27
2026-09-02 02:23:28,11.11,978.28
2026-09-02 02:28:28,11.05,978.31
2026-09-02 02:33:28,11.0,978.25
2026-09-02 02:38:28,10.89,978.26
2026-09-02 02:43:28,10.81,978.29
2026-09-02 02:48:28,10.79,978.25
2026-09-02 02:53:28,10.76,978.26
2026-09-02 02:58:28,10.73,978.25
2026-09-02 03:03:28,10.64,978.33
2026-09-02 03:08:28,10.63,978.38
2026-09-02 03:13:28,10.6,978.39
2026-09-02 03:18:28,10.57,978.38
2026-09-02 03:23:28,10.52,978.36
2026-09-02 03:28:28,10.57,978.35
2026-09-02 03:33:28,10.58,978.39
2026-09-02 03:38:28,10.57,978.34
2026-09-02 03:43:28,10.55,978.28
2026-09-02 03:48:28,10.47,978.32
2026-09-02 03:53:28,10.35,978.27
2026-09-02 03:58:28,10.3,978.3
2026-09-02 04:03:28,10.29,978.34
2026-09-02 04:08:28,10.25,978.33
2026-09-02 04:13:28,10.32,978.28
2026-09-02 04:18:28,10.3,978.32
2026-09-02 04:23:28,10.26,978.31
2026-09-02 04:28:28,10.2,978.31
2026-09-02 04:33:28,10.18,978.3
2026-09-02 04:38:28,10.09,978.25
2026-09-02 04:43:28,10.04,978.25
2026-09-02 04:48:28,10.0,978.26
2026-09-02 04:53:28,9.94,978.26
2026-09-02 04:58:28,9.91,978.31
2026-09-02 05:03:28,9.9,978.35
2026-09-02 05:08:28,9.85,978.32
2026-09-02 05:13:28,9.82,978.31
2026-09-02 05:18:28,9.77,978.38
2026-09-02 05:23:28,9.75,978.42
2026-09-02 05:28:28,9.78,978.42
2026-09-02 05:33:28,9.75,978.38
2026-09-02 05:38:28,9.76,978.41
2026-09-02 05:43:28,9.78,978.38
2026-09-02 05:48:28,9.82,978.36
2026-09-02 05:53:28,9.83,978.32
2026-09-02 05:58:28,9.75,978.29
2026-09-02 06:03:28,9.72,978.24
2026-09-02 06:08:28,9.68,978.22
2026-09-02 06:13:28,9.69,978.19
2026-09-02 06:18:28,9.71,978.22
2026-09-02 06:23:28,9.77,978.22
2026-09-02 06:28:28,9.84,978.12
2026-09-02 06:33:28,9.91,978.09
2026-09-02 06:38:28,10.1,978.14
2026-09-02 06:43:28,10.64,978.17
2026-09-02 06:48:28,10.71,978.22
2026-09-02 06:53:28,10.73,978.24
2026-09-02 06:58:28,10.8,978.28
2026-09-02 07:03:28,11.13,978.33
2026-09-02 07:08:28,11.26,978.41
2026-09-02 07:13:28,11.36,978.45
2026-09-02 07:18:28,11.53,978.57
2026-09-02 07:23:28,11.6,978.5
2026-09-02 07:28:28,11.69,978.52
2026-09-02 07:33:28,11.73,978.52
2026-09-02 07:38:28,11.83,978.56
2026-09-02 07:43:28,12.08,978.6
2026-09-02 07:48:28,12.22,978.55
2026-09-02 07:53:28,12.47,978.54
2026-09-02 07:58:28,12.65,978.54
2026-09-02 08:03:28,12.85,978.56
2026-09-02 08:08:28,13.08,978.54
2026-09-02 08:13:28,13.22,978.59
2026-09-02 08:18:28,13.36,978.58
2026-09-02 08:23:28,13.64,978.59
2026-09-02 08:28:28,13.87,978.56
2026-09-02 08:33:28,14.05,978.58
2026-09-02 08:38:28,14.31,978.61
2026-09-02 08:43:28,14.47,978.57
2026-09-02 08:48:28,14.75,978.56
2026-09-02 08:53:28,15.0,978.58
2026-09-02 08:58:28,15.24,978.63
2026-09-02 09:03:28,15.44,978.57
2026-09-02 09:08:28,15.74,978.53
2026-09-02 09:13:28,15.89,978.53
2026-09-02 09:18:28,15.85,978.58
2026-09-02 09:23:28,15.74,978.62
2026-09-02 09:28:28,15.65,978.6
2026-09-02 09:33:28,15.53,978.64
2026-09-02 09:38:28,15.7,978.67
2026-09-02 09:43:28,16.05,978.75
2026-09-02 09:48:28,16.14,978.78
2026-09-02 09:53:28,16.35,978.72
2026-09-02 09:58:28,16.75,978.74
2026-09-02 10:03:28,17.01,978.77
2026-09-02 10:08:28,17.36,978.8
2026-09-02 10:13:28,17.61,978.85
2026-09-02 10:18:28,18.01,978.82
2026-09-02 10:23:28,18.43,978.82
2026-09-02 10:28:28,18.7,978.81
2026-09-02 10:33:28,19.01,978.88
2026-09-02 10:38:28,19.51,978.84
2026-09-02 10:43:28,19.84,978.85
2026-09-02 10:48:28,19.59,978.83
2026-09-02 10:53:28,20.05,978.8
2026-09-02 10:58:28,20.47,978.75
2026-09-02 11:03:28,20.76,978.73
2026-09-02 11:08:28,20.97,978.72
2026-09-02 11:13:28,21.08,978.68
2026-09-02 11:18:28,20.44,978.69
2026-09-02 11:23:28,20.29,978.69
2026-09-02 11:28:28,20.98,978.71
2026-09-02 11:33:28,21.68,978.66
2026-09-02 11:38:28,21.51,978.57
2026-09-02 11:43:28,21.68,978.5
2026-09-02 11:48:28,21.34,978.43
2026-09-02 11:53:28,20.89,978.47
2026-09-02 11:58:28,21.28,978.42
2026-09-02 12:03:28,22.0,978.41
2026-09-02 12:08:28,22.19,978.28
2026-09-02 12:13:28,22.42,978.2
2026-09-02 12:18:28,22.78,978.17
2026-09-02 12:23:28,22.99,978.05
2026-09-02 12:28:28,23.1,978.0
2026-09-02 12:33:28,22.95,977.99
2026-09-02 12:38:28,23.47,978.01
2026-09-02 12:43:28,22.56,978.01
2026-09-02 12:48:28,22.81,977.99
2026-09-02 12:53:28,22.36,977.93
2026-09-02 12:58:28,22.11,977.98
2026-09-02 13:03:28,21.52,977.98
2026-09-02 13:08:28,21.07,977.92
2026-09-02 13:13:28,21.18,977.9
2026-09-02 13:18:28,21.36,977.77
2026-09-02 13:23:28,22.0,977.72
2026-09-02 13:28:28,22.33,977.72
2026-09-02 13:33:28,22.71,977.66
2026-09-02 13:38:28,22.97,977.65
2026-09-02 13:43:28,22.98,977.64
2026-09-02 13:48:28,23.3,977.55
2026-09-02 13:53:28,23.13,977.5
2026-09-02 13:58:28,22.76,977.54
2026-09-02 14:03:28,23.01,977.44
2026-09-02 14:08:28,22.97,977.46
2026-09-02 14:13:28,22.88,977.48
2026-09-02 14:18:28,21.97,977.39
2026-09-02 14:23:28,22.64,977.38
2026-09-02 14:28:28,22.07,977.31
2026-09-02 14:33:28,22.08,977.26
2026-09-02 14:38:28,21.45,977.25
2026-09-02 14:43:28,21.35,977.29
2026-09-02 14:48:28,21.61,977.34
2026-09-02 14:53:28,22.51,977.27
2026-09-02 14:58:28,23.22,977.24
2026-09-02 15:03:28,23.6,977.26
2026-09-02 15:08:28,23.59,977.26
2026-09-02 15:13:28,23.65,977.27
2026-09-02 15:18:28,23.97,977.14
2026-09-02 15:23:28,23.32,977.14
2026-09-02 15:28:28,23.03,977.11
2026-09-02 15:33:28,22.44,977.08
2026-09-02 15:38:28,22.54,977.09
2026-09-02 15:43:28,22.17,977.11
2026-09-02 15:48:28,22.75,977.11
2026-09-02 15:53:28,23.27,977.12
2026-09-02 15:58:28,23.68,977.06
2026-09-02 16:03:28,23.75,977.01
2026-09-02 16:08:28,23.19,976.99
2026-09-02 16:13:28,23.49,976.88
2026-09-02 16:18:28,23.45,976.83
2026-09-02 16:23:28,23.21,976.81
2026-09-02 16:28:28,22.93,976.83
2026-09-02 16:33:29,22.52,976.77
2026-09-02 16:38:29,22.13,976.79
2026-09-02 16:43:29,22.17,976.75
2026-09-02 16:48:29,22.14,976.74
2026-09-02 16:53:29,22.58,976.64
2026-09-02 16:58:29,22.84,976.59
2026-09-02 17:03:29,22.21,976.56
2026-09-02 17:08:29,22.32,976.63
2026-09-02 17:13:29,22.2,976.56
2026-09-02 17:18:29,21.84,976.54
2026-09-02 17:23:29,21.78,976.51
2026-09-02 17:28:29,21.55,976.49
2026-09-02 17:33:29,21.49,976.49
2026-09-02 17:38:29,21.32,976.5
2026-09-02 17:43:29,21.24,976.44
2026-09-02 17:48:29,21.09,976.36
2026-09-02 17:53:29,20.9,976.3
2026-09-02 17:58:29,21.01,976.28
2026-09-02 18:03:29,21.04,976.32
2026-09-02 18:08:29,21.01,976.27
2026-09-02 18:13:29,20.93,976.24
2026-09-02 18:18:29,20.91,976.24
2026-09-02 18:23:29,20.76,976.22
2026-09-02 18:28:29,20.67,976.3
2026-09-02 18:33:29,20.49,976.37
2026-09-02 18:38:29,20.19,976.34
2026-09-02 18:43:29,20.07,976.34
2026-09-02 18:48:29,19.78,976.39
2026-09-02 18:53:29,19.52,976.36
2026-09-02 18:58:29,19.33,976.39
2026-09-02 19:03:29,19.06,976.37
2026-09-02 19:08:29,18.77,976.41
2026-09-02 19:13:29,18.54,976.5
2026-09-02 19:18:29,18.43,976.59
2026-09-02 19:23:29,18.25,976.55
2026-09-02 19:28:29,17.91,976.59
2026-09-02 19:33:29,17.62,976.63
2026-09-02 19:38:29,17.39,976.64
2026-09-02 19:43:29,17.17,976.65
2026-09-02 19:48:29,16.97,976.71
2026-09-02 19:53:29,16.83,976.73
2026-09-02 19:58:29,16.73,976.76
2026-09-02 20:03:29,16.62,976.81
2026-09-02 20:08:29,16.51,976.81
2026-09-02 20:13:29,16.4,976.88
2026-09-02 20:18:29,16.3,976.88
2026-09-02 20:23:29,16.17,976.94
2026-09-02 20:28:29,16.06,976.93
2026-09-02 20:33:29,16.02,976.99
2026-09-02 20:38:29,15.96,977.02
2026-09-02 20:43:29,15.89,976.97
2026-09-02 20:48:29,15.8,976.87
2026-09-02 20:53:29,15.76,976.86
2026-09-02 20:58:29,15.83,976.89
2026-09-02 21:03:29,15.84,976.83
2026-09-02 21:08:29,15.8,976.88
2026-09-02 21:13:29,15.74,976.89
2026-09-02 21:18:29,15.71,976.82
2026-09-02 21:23:29,15.68,976.8
2026-09-02 21:28:29,15.63,976.78
2026-09-02 21:33:29,15.57,976.84
2026-09-02 21:38:29,15.49,976.79
2026-09-02 21:43:29,15.38,976.84
2026-09-02 21:48:29,15.26,976.77
2026-09-02 21:53:29,15.15,976.76
2026-09-02 21:58:29,15.04,976.71
2026-09-02 22:03:29,14.96,976.79
2026-09-02 22:08:29,14.91,976.75
2026-09-02 22:13:29,14.84,976.73
2026-09-02 22:18:29,14.77,976.72
2026-09-02 22:23:29,14.71,976.71
2026-09-02 22:28:29,14.61,976.74
2026-09-02 22:33:29,14.51,976.75
2026-09-02 22:33:58,14.44,976.63
2026-09-02 22:40:02,14.42,976.72
2026-09-02 22:45:02,14.38,976.7
2026-09-02 22:50:02,14.31,976.71
2026-09-02 22:55:02,14.21,976.7
2026-09-02 23:00:02,14.14,976.7
2026-09-02 23:05:02,14.11,976.76
2026-09-02 23:10:02,14.05,976.81
2026-09-02 23:15:02,14.01,976.78
2026-09-02 23:20:02,13.97,976.81
2026-09-02 23:25:02,13.83,976.87
2026-09-02 23:30:02,13.75,976.9
2026-09-02 23:35:02,13.69,976.91
2026-09-02 23:40:02,13.67,976.86
2026-09-02 23:45:02,13.67,976.92
2026-09-02 23:50:02,13.67,976.92
2026-09-02 23:55:02,13.64,976.91
2026-09-03 00:00:02,13.53,976.89
2026-09-03 00:05:02,13.48,976.82
2026-09-03 00:10:02,13.33,976.79
2026-09-03 00:15:02,13.16,976.77
2026-09-03 00:20:02,13.05,976.82
2026-09-03 00:25:02,12.99,976.82
2026-09-03 00:30:02,12.95,976.8
2026-09-03 00:35:02,12.93,976.82
2026-09-03 00:40:02,12.85,976.83
2026-09-03 00:45:02,12.81,976.88
2026-09-03 00:50:02,12.72,976.82
2026-09-03 00:55:02,12.63,976.77
2026-09-03 01:00:02,12.6,976.71
2026-09-03 01:05:02,12.55,976.68
2026-09-03 01:10:02,12.47,976.69
2026-09-03 01:15:02,12.43,976.7
2026-09-03 01:20:02,12.37,976.71
2026-09-03 01:25:02,12.38,976.68
2026-09-03 01:30:02,12.49,976.63
2026-09-03 01:35:02,12.58,976.61
2026-09-03 01:40:02,12.6,976.59
2026-09-03 01:45:02,12.59,976.52
2026-09-03 01:50:02,12.66,976.54
2026-09-03 01:55:02,12.66,976.56
2026-09-03 02:00:02,12.72,976.53
2026-09-03 02:05:02,12.82,976.53
2026-09-03 02:10:02,12.83,976.71
2026-09-03 02:15:02,12.88,976.83
2026-09-03 02:20:02,12.95,976.87
2026-09-03 02:25:02,13.03,976.82
2026-09-03 02:30:02,13.07,976.82
2026-09-03 02:35:02,13.13,976.84
2026-09-03 02:40:02,13.21,976.82
2026-09-03 02:45:02,13.2,976.73
2026-09-03 02:50:02,13.18,976.74
2026-09-03 02:55:02,13.15,976.77
2026-09-03 03:00:02,12.99,976.8
2026-09-03 03:05:02,12.87,976.76
2026-09-03 03:10:02,12.76,976.68
2026-09-03 03:15:02,12.77,976.69
2026-09-03 03:20:02,12.92,976.69
2026-09-03 03:25:02,12.99,976.76
2026-09-03 03:30:02,13.02,976.87
2026-09-03 03:35:02,13.03,976.9
2026-09-03 03:40:02,13.0,976.82
2026-09-03 03:45:02,12.86,976.79
2026-09-03 03:50:02,12.78,976.74
2026-09-03 03:55:02,12.69,976.72
2026-09-03 04:00:02,12.67,976.75
2026-09-03 04:05:02,12.63,976.77
2026-09-03 04:10:02,12.62,976.81
2026-09-03 04:15:02,12.53,976.75
2026-09-03 04:20:02,12.35,976.72
2026-09-03 04:25:02,12.2,976.65
2026-09-03 04:30:02,12.05,976.59
2026-09-03 04:35:02,11.96,976.67
2026-09-03 04:40:02,11.93,976.64
2026-09-03 04:45:02,11.89,976.74
2026-09-03 04:50:02,11.83,976.75
2026-09-03 04:55:02,11.74,976.68
2026-09-03 05:00:02,11.68,976.79
2026-09-03 05:05:02,11.65,976.91
2026-09-03 05:10:02,11.66,976.79
2026-09-03 05:15:02,11.63,976.73
2026-09-03 05:20:02,11.61,976.75
2026-09-03 05:25:02,11.6,976.77
2026-09-03 05:30:02,11.58,976.79
2026-09-03 05:35:02,11.58,976.72
2026-09-03 05:40:02,11.55,976.66
2026-09-03 05:45:02,11.49,976.71
2026-09-03 05:50:02,11.54,976.71
2026-09-03 05:55:02,11.48,976.73
2026-09-03 06:00:02,11.42,976.78
2026-09-03 06:05:02,11.33,976.78
2026-09-03 06:10:02,11.22,976.81
2026-09-03 06:15:02,11.19,976.73
2026-09-03 06:20:02,11.22,976.71
2026-09-03 06:25:02,11.23,976.83
2026-09-03 06:30:02,11.29,976.84
2026-09-03 06:35:02,11.45,976.85
2026-09-03 06:40:02,11.62,976.87
2026-09-03 06:45:02,11.82,976.94
2026-09-03 06:50:02,12.14,976.82
2026-09-03 06:55:02,12.45,976.88
2026-09-03 07:00:02,12.86,976.99
2026-09-03 07:05:02,13.16,977.07
2026-09-03 07:10:02,13.4,977.12
2026-09-03 07:15:02,13.5,977.02
2026-09-03 07:20:02,13.48,977.0
2026-09-03 07:25:02,13.44,977.14
2026-09-03 07:30:02,13.56,977.11
2026-09-03 07:35:02,13.89,977.13
2026-09-03 07:40:02,14.47,977.13
2026-09-03 07:45:02,14.89,977.16
2026-09-03 07:50:02,15.33,977.07
2026-09-03 07:55:02,15.41,977.1
2026-09-03 08:00:02,15.42,977.11
2026-09-03 08:05:02,15.13,977.12
2026-09-03 08:10:02,15.0,977.11
2026-09-03 08:15:02,15.24,977.14
2026-09-03 08:20:02,15.39,977.11
2026-09-03 08:25:02,15.55,977.08
2026-09-03 08:30:02,15.54,977.02
2026-09-03 08:35:02,15.57,977.0
2026-09-03 08:40:02,15.96,976.89
2026-09-03 08:45:02,16.06,976.91
2026-09-03 08:50:02,16.29,976.9
2026-09-03 08:55:02,16.21,976.88
2026-09-03 09:00:02,16.17,976.89
2026-09-03 09:05:02,15.99,976.89
2026-09-03 09:10:02,16.35,976.83
2026-09-03 09:15:02,16.76,976.83
2026-09-03 09:20:02,17.18,976.86
2026-09-03 09:25:02,17.53,976.9
2026-09-03 09:30:02,17.86,976.99
2026-09-03 09:35:02,18.0,976.95
2026-09-03 09:40:02,18.4,977.01
2026-09-03 09:45:02,18.52,977.02
2026-09-03 09:50:02,18.51,977.1
2026-09-03 09:55:02,18.75,977.09
2026-09-03 10:00:02,18.81,977.04
2026-09-03 10:05:02,19.12,977.04
2026-09-03 10:10:02,19.18,977.07
2026-09-03 10:15:02,19.44,977.03
2026-09-03 10:20:02,18.59,977.09
2026-09-03 10:25:02,19.09,977.07
2026-09-03 10:30:02,18.79,977.08
2026-09-03 10:35:02,18.89,977.1
2026-09-03 10:40:02,18.91,977.06
2026-09-03 10:45:02,19.43,977.02
2026-09-03 10:50:02,19.57,977.02
2026-09-03 10:55:02,20.1,977.01
2026-09-03 11:00:02,20.37,977.01
2026-09-03 11:05:02,20.2,977.06
2026-09-03 11:10:02,20.0,976.95
2026-09-03 11:15:02,19.85,976.95
2026-09-03 11:20:02,20.13,976.92
2026-09-03 11:25:02,19.96,976.86
2026-09-03 11:30:02,20.08,976.82
2026-09-03 11:35:02,20.19,976.81
2026-09-03 11:40:02,20.43,976.67
2026-09-03 11:45:02,20.43,976.68
2026-09-03 11:50:02,20.12,976.6
2026-09-03 11:55:02,20.63,976.54
2026-09-03 12:00:02,20.72,976.5
2026-09-03 12:05:02,20.69,976.45
2026-09-03 12:10:02,21.08,976.34
2026-09-03 12:15:02,21.13,976.3
2026-09-03 12:20:02,21.18,976.12
2026-09-03 12:25:02,20.69,976.11
2026-09-03 12:30:02,20.26,976.05
2026-09-03 12:35:02,20.24,976.05
2026-09-03 12:40:02,20.61,975.96
2026-09-03 12:45:02,20.49,975.95
2026-09-03 12:50:02,20.24,975.96
2026-09-03 12:55:02,20.24,975.92
2026-09-03 13:00:02,20.06,975.89
2026-09-03 13:05:02,19.76,975.86
2026-09-03 13:10:02,20.14,975.91
2026-09-03 13:15:02,21.82,975.89
2026-09-03 13:20:02,23.1,975.76
2026-09-03 13:25:02,23.52,975.74
2026-09-03 13:30:02,23.23,975.65
2026-09-03 13:35:02,23.42,975.61
2026-09-03 13:40:02,22.53,975.57
2026-09-03 13:45:02,21.86,975.6
2026-09-03 13:50:02,21.43,975.59
2026-09-03 13:55:02,20.76,975.65
2026-09-03 14:00:02,20.65,975.67
2026-09-03 14:05:02,20.62,975.71
2026-09-03 14:10:02,20.37,975.75
2026-09-03 14:15:02,20.44,975.78
2026-09-03 14:20:02,20.36,975.77
2026-09-03 14:25:02,20.09,975.72
2026-09-03 14:30:02,19.98,975.71
2026-09-03 14:35:02,20.04,975.77
2026-09-03 14:40:02,19.95,975.72
2026-09-03 14:45:02,19.92,975.71
2026-09-03 14:50:02,20.14,975.71
2026-09-03 14:55:02,19.85,975.67
2026-09-03 15:00:02,19.81,975.64
2026-09-03 15:05:02,19.67,975.65
2026-09-03 15:10:02,20.02,975.63
2026-09-03 15:15:02,20.47,975.67
2026-09-03 15:20:02,21.13,975.6
2026-09-03 15:25:02,20.95,975.62
2026-09-03 15:30:02,21.71,975.47
2026-09-03 15:35:02,21.89,975.42
2026-09-03 15:40:02,21.73,975.44
2026-09-03 15:45:02,21.64,975.42
2026-09-03 15:50:02,22.14,975.39
2026-09-03 15:55:02,21.36,975.47
2026-09-03 16:00:02,21.54,975.44
2026-09-03 16:05:02,22.1,975.45
2026-09-03 16:10:02,22.11,975.47
2026-09-03 16:15:02,22.7,975.39
2026-09-03 16:20:02,22.92,975.29
2026-09-03 16:25:02,22.67,975.29
2026-09-03 16:30:02,22.38,975.28
2026-09-03 16:35:02,22.08,975.26
2026-09-03 16:40:02,22.15,975.22
2026-09-03 16:45:02,22.25,975.27
2026-09-03 16:50:02,22.12,975.23
2026-09-03 16:55:02,22.2,975.27
2026-09-03 17:00:02,21.78,975.21
2026-09-03 17:05:02,21.58,975.18
2026-09-03 17:10:02,21.79,975.15
2026-09-03 17:15:02,22.04,975.16
2026-09-03 17:20:02,22.12,975.17
2026-09-03 17:25:02,21.84,975.14
2026-09-03 17:30:02,21.4,975.14
2026-09-03 17:35:02,21.13,975.07
2026-09-03 17:40:02,21.05,975.02
2026-09-03 17:45:02,20.99,974.99
2026-09-03 17:50:02,20.88,974.97
2026-09-03 17:55:02,20.58,974.94
2026-09-03 18:00:02,20.35,974.93
2026-09-03 18:05:02,20.19,974.99
2026-09-03 18:10:02,20.1,975.0
2026-09-03 18:15:02,20.04,975.04
2026-09-03 18:20:02,20.08,974.95
2026-09-03 18:25:02,20.04,974.92
2026-09-03 18:30:02,20.02,974.95
2026-09-03 18:35:02,19.93,975.09
2026-09-03 18:40:02,19.72,975.14
2026-09-03 18:45:02,19.54,975.14
2026-09-03 18:50:02,19.51,975.11
2026-09-03 18:55:02,19.19,975.0
2026-09-03 19:00:02,18.86,975.02
2026-09-03 19:05:02,18.62,975.07
2026-09-03 19:10:02,18.33,975.1
2026-09-03 19:15:02,18.04,975.15
2026-09-03 19:20:02,17.81,975.07
2026-09-03 19:25:02,17.61,975.1
2026-09-03 19:30:02,17.43,975.14
2026-09-03 19:35:02,17.16,975.14
2026-09-03 19:40:02,16.92,975.16
2026-09-03 19:45:02,16.78,975.24
2026-09-03 19:50:02,16.65,975.28
2026-09-03 19:55:02,16.45,975.15
2026-09-03 20:00:02,16.3,975.1
2026-09-03 20:05:02,16.1,975.11
2026-09-03 20:10:02,15.93,975.11
2026-09-03 20:15:02,15.69,975.24
2026-09-03 20:20:02,15.62,975.22
2026-09-03 20:25:02,15.46,975.34
2026-09-03 20:30:02,15.34,975.39
2026-09-03 20:35:02,15.24,975.36
2026-09-03 20:40:02,15.15,975.36
2026-09-03 20:45:02,15.01,975.35
2026-09-03 20:50:02,14.84,975.4
2026-09-03 20:55:02,14.78,975.39
2026-09-03 21:00:02,14.67,975.47
2026-09-03 21:05:02,14.62,975.45
2026-09-03 21:10:02,14.61,975.45
2026-09-03 21:15:02,14.6,975.37
2026-09-03 21:20:02,14.68,975.37
2026-09-03 21:25:02,14.82,975.35
2026-09-03 21:30:02,14.98,975.31
2026-09-03 21:35:02,14.84,975.3
2026-09-03 21:40:02,14.78,975.27
2026-09-03 21:45:02,14.78,975.29
2026-09-03 21:50:02,14.72,975.24
2026-09-03 21:55:02,14.52,975.23
2026-09-03 22:00:02,14.32,975.27
2026-09-03 22:05:02,14.35,975.28
2026-09-03 22:10:02,14.58,975.28
2026-09-03 22:15:02,14.81,975.28
2026-09-03 22:20:02,14.93,975.34
2026-09-03 22:25:02,14.98,975.29
2026-09-03 22:30:02,14.79,975.26
2026-09-03 22:35:02,14.7,975.2
2026-09-03 22:40:02,14.57,975.1
2026-09-03 22:45:02,14.38,975.3
2026-09-03 22:50:02,14.18,975.27
2026-09-03 22:55:02,14.13,975.14
2026-09-03 23:00:02,14.19,975.18
2026-09-03 23:05:02,14.21,975.17
2026-09-03 23:10:02,14.13,975.23
2026-09-03 23:15:02,14.01,975.25
2026-09-03 23:20:02,13.9,975.29
2026-09-03 23:25:02,13.93,975.32
2026-09-03 23:30:02,13.89,975.27
2026-09-03 23:35:02,13.86,975.24
2026-09-03 23:40:02,13.96,975.28
2026-09-03 23:45:02,14.04,975.25
2026-09-03 23:50:02,13.98,975.25
2026-09-03 23:55:02,14.03,975.23
2026-09-04 00:00:02,14.06,975.22
2026-09-04 00:05:02,14.13,975.22
2026-09-04 00:10:02,14.24,975.23
2026-09-04 00:15:02,14.36,975.19
2026-09-04 00:20:02,14.44,975.13
2026-09-04 00:25:02,14.51,975.26
2026-09-04 00:30:02,14.57,975.17
2026-09-04 00:35:02,14.63,975.12
2026-09-04 00:40:02,14.68,975.17
2026-09-04 00:45:02,14.74,975.21
2026-09-04 00:50:02,14.82,975.16
2026-09-04 00:55:02,14.87,975.15
2026-09-04 01:00:02,14.95,975.19
2026-09-04 01:05:02,15.04,975.22
2026-09-04 01:10:02,15.12,975.19
2026-09-04 01:15:02,15.2,975.19
2026-09-04 01:20:02,15.26,975.18
2026-09-04 01:25:02,15.31,975.05
2026-09-04 01:30:02,15.4,975.02
2026-09-04 01:35:02,15.54,974.89
2026-09-04 01:40:02,15.59,974.85
2026-09-04 01:45:02,15.63,974.78
2026-09-04 01:50:02,15.66,974.73
2026-09-04 01:55:02,15.7,974.67
2026-09-04 02:00:02,15.75,974.69
2026-09-04 02:05:02,15.77,974.57
2026-09-04 02:10:02,15.78,974.59
2026-09-04 02:15:02,15.76,974.69
2026-09-04 02:20:02,15.66,974.67
2026-09-04 02:25:02,15.59,974.67
2026-09-04 02:30:02,15.6,974.62
2026-09-04 02:35:02,15.7,974.55
2026-09-04 02:40:02,15.91,974.52
2026-09-04 02:45:02,16.12,974.56
2026-09-04 02:50:02,16.37,974.51
2026-09-04 02:55:02,16.59,974.47
2026-09-04 03:00:02,16.65,974.41
2026-09-04 03:05:02,16.63,974.42
2026-09-04 03:10:02,16.55,974.4
2026-09-04 03:15:02,16.53,974.44
2026-09-04 03:20:02,16.47,974.37
2026-09-04 03:25:02,16.3,974.34
2026-09-04 03:30:02,16.28,974.34
2026-09-04 03:35:02,16.4,974.39
2026-09-04 03:40:02,16.48,974.31
2026-09-04 03:45:02,16.56,974.37
2026-09-04 03:50:02,16.68,974.29
2026-09-04 03:55:02,16.76,974.27
2026-09-04 04:00:02,16.77,974.29
2026-09-04 04:05:02,16.77,974.27
2026-09-04 04:10:02,16.76,974.21
2026-09-04 04:15:02,16.83,974.22
2026-09-04 04:20:02,16.87,974.26
2026-09-04 04:25:02,16.9,974.31
2026-09-04 04:30:02,17.04,974.42
2026-09-04 04:35:02,16.95,974.47
2026-09-04 04:40:02,16.86,974.48
2026-09-04 04:45:02,16.86,974.43
2026-09-04 04:50:03,16.88,974.4
2026-09-04 04:55:03,16.92,974.35
2026-09-04 05:00:03,16.91,974.32
2026-09-04 05:05:03,16.86,974.36
2026-09-04 05:10:03,16.82,974.42
2026-09-04 05:15:03,16.79,974.42
2026-09-04 05:20:03,16.72,974.41
2026-09-04 05:25:03,16.72,974.38
2026-09-04 05:30:03,16.7,974.42
2026-09-04 05:35:03,16.64,974.32
2026-09-04 05:40:03,16.6,974.36
2026-09-04 05:45:03,16.53,974.34
2026-09-04 05:50:03,16.48,974.34
2026-09-04 05:55:03,16.44,974.4
2026-09-04 06:00:03,16.46,974.5
2026-09-04 06:05:03,16.45,974.52
2026-09-04 06:10:03,16.44,974.4
2026-09-04 06:15:03,16.47,974.39
2026-09-04 06:20:03,16.44,974.24
2026-09-04 06:25:03,16.42,974.2
2026-09-04 06:30:03,16.47,974.22
2026-09-04 06:35:03,16.58,974.26
2026-09-04 06:40:03,16.73,974.33
2026-09-04 06:45:03,16.81,974.41
2026-09-04 06:50:03,16.82,974.54
2026-09-04 06:55:03,16.88,974.5
2026-09-04 07:00:03,17.07,974.46
2026-09-04 07:05:03,17.11,974.53
2026-09-04 07:10:03,17.1,974.52
2026-09-04 07:15:03,17.11,974.49
2026-09-04 07:20:03,17.17,974.47
2026-09-04 07:25:03,17.41,974.49
2026-09-04 07:30:03,17.59,974.52
2026-09-04 07:35:03,17.72,974.36
2026-09-04 07:40:03,17.88,974.36
2026-09-04 07:45:03,18.01,974.34
2026-09-04 07:50:03,18.2,974.31
2026-09-04 07:55:03,18.64,974.37
2026-09-04 08:00:03,18.61,974.36
2026-09-04 08:05:03,18.74,974.25
2026-09-04 08:10:03,18.97,974.28
2026-09-04 08:15:03,19.11,974.43
2026-09-04 08:20:03,19.01,974.59
2026-09-04 08:25:03,18.76,974.6
2026-09-04 08:30:03,18.71,974.71
2026-09-04 08:35:03,19.08,974.62
2026-09-04 08:40:03,19.38,974.55
2026-09-04 08:45:03,19.48,974.57
2026-09-04 08:50:03,19.46,974.64
2026-09-04 08:55:03,19.6,974.71
2026-09-04 09:00:03,20.07,974.67
2026-09-04 09:05:03,20.24,974.66
2026-09-04 09:10:03,20.16,974.7
2026-09-04 09:15:03,20.0,974.68
2026-09-04 09:20:03,20.09,974.64
2026-09-04 09:25:03,20.1,974.62
2026-09-04 09:30:03,20.3,974.59
2026-09-04 09:35:03,20.79,974.59
2026-09-04 09:40:03,21.67,974.67
2026-09-04 09:45:03,21.82,974.67
2026-09-04 09:50:03,21.46,974.71
2026-09-04 09:55:03,21.3,974.55
2026-09-04 10:00:03,21.54,974.56
2026-09-04 10:05:03,21.58,974.54
2026-09-04 10:10:03,21.56,974.5
2026-09-04 10:15:03,21.78,974.59
2026-09-04 10:20:03,22.34,974.54
2026-09-04 10:25:03,22.1,974.58
2026-09-04 10:30:03,21.96,974.45
2026-09-04 10:35:03,22.13,974.41
2026-09-04 10:40:03,21.78,974.38
2026-09-04 10:45:03,21.56,974.25
2026-09-04 10:50:03,22.67,974.24
2026-09-04 10:55:03,22.48,974.24
2026-09-04 11:00:03,22.59,974.14
2026-09-04 11:05:03,22.52,974.05
2026-09-04 11:10:03,22.71,974.11
2026-09-04 11:15:03,22.46,973.98
2026-09-04 11:20:03,22.56,973.98
2026-09-04 11:25:03,22.85,973.8
2026-09-04 11:30:03,23.09,973.84
2026-09-04 11:35:03,23.38,973.76
2026-09-04 11:40:03,24.04,973.72
2026-09-04 11:45:03,24.51,973.58
2026-09-04 11:50:03,24.39,973.7
2026-09-04 11:55:03,23.87,973.76
2026-09-04 12:00:03,23.54,973.71
2026-09-04 12:05:03,23.58,973.69
2026-09-04 12:10:03,23.89,973.67
2026-09-04 12:15:03,23.78,973.62
2026-09-04 12:20:03,23.83,973.38
2026-09-04 12:25:03,24.44,973.25
2026-09-04 12:30:03,24.71,973.21
2026-09-04 12:35:03,25.32,973.11
2026-09-04 12:40:03,25.42,973.02
2026-09-04 12:45:03,25.45,973.02
2026-09-04 12:50:03,25.3,973.01
2026-09-04 12:55:03,24.79,972.92
2026-09-04 13:00:03,24.39,972.9
2026-09-04 13:05:03,24.37,972.83
2026-09-04 13:10:03,24.44,972.77
2026-09-04 13:15:03,24.37,972.66
2026-09-04 13:20:03,24.93,972.66
2026-09-04 13:25:03,24.67,972.58
2026-09-04 13:30:03,24.21,972.6
2026-09-04 13:35:03,24.07,972.63
2026-09-04 13:40:03,24.37,972.62
2026-09-04 13:45:03,24.58,972.51
2026-09-04 13:50:03,24.66,972.41
2026-09-04 13:55:03,25.39,972.37
2026-09-04 14:00:03,25.37,972.25
2026-09-04 14:05:03,25.12,972.18
2026-09-04 14:10:03,24.65,972.12
2026-09-04 14:15:03,24.7,971.97
2026-09-04 14:20:03,24.42,971.97
2026-09-04 14:25:03,24.32,971.87
2026-09-04 14:30:03,24.33,971.75
2026-09-04 14:35:03,24.33,971.67
2026-09-04 14:40:03,24.58,971.73
2026-09-04 14:45:03,25.03,971.48
2026-09-04 14:50:03,25.02,971.5
2026-09-04 14:55:03,24.81,971.4
2026-09-04 15:00:03,24.94,971.29
2026-09-04 15:05:03,24.66,971.15
2026-09-04 15:10:03,24.35,971.18
2026-09-04 15:15:03,24.34,971.29
2026-09-04 15:20:03,25.09,971.16
2026-09-04 15:25:03,25.03,971.0
2026-09-04 15:30:03,25.21,970.87
2026-09-04 15:35:03,24.87,970.75
2026-09-04 15:40:03,24.43,970.81
2026-09-04 15:45:03,24.15,970.69
2026-09-04 15:50:03,24.21,970.74
2026-09-04 15:55:03,24.51,970.63
2026-09-04 16:00:03,24.61,970.5
2026-09-04 16:05:03,24.53,970.42
2026-09-04 16:10:03,24.55,970.42
2026-09-04 16:15:03,24.48,970.37
2026-09-04 16:20:03,24.41,970.33
2026-09-04 16:25:03,24.43,970.25
2026-09-04 16:30:03,24.53,970.22
2026-09-04 16:35:03,24.54,970.1
2026-09-04 16:40:03,24.54,970.06
2026-09-04 16:45:03,24.58,970.09
2026-09-04 16:50:03,24.49,969.94
2026-09-04 16:55:03,24.24,969.92
2026-09-04 17:00:03,24.17,969.68
2026-09-04 17:05:03,24.08,969.7
2026-09-04 17:10:03,24.12,969.81
2026-09-04 17:15:03,24.01,969.78
2026-09-04 17:20:03,23.89,969.82
2026-09-04 17:25:03,23.93,969.68
2026-09-04 17:30:03,23.98,969.6
2026-09-04 17:35:03,23.92,969.53
2026-09-04 17:40:03,23.77,969.47
2026-09-04 17:45:03,23.53,969.33
2026-09-04 17:50:03,23.29,969.27
2026-09-04 17:55:03,23.08,969.15
2026-09-04 18:00:03,22.97,969.24
2026-09-04 18:05:03,22.9,969.04
2026-09-04 18:10:03,22.78,968.99
2026-09-04 18:15:03,22.66,968.83
2026-09-04 18:20:03,22.56,968.62
2026-09-04 18:25:03,22.43,968.49
2026-09-04 18:30:03,22.41,968.39
2026-09-04 18:35:03,22.4,968.43
2026-09-04 18:40:03,22.35,968.4
2026-09-04 18:45:03,22.21,968.43
2026-09-04 18:50:03,22.11,968.29
2026-09-04 18:55:03,21.91,968.28
2026-09-04 19:00:03,21.63,968.23
2026-09-04 19:05:03,21.38,968.25
2026-09-04 19:10:03,21.23,968.27
2026-09-04 19:15:03,21.22,968.19
2026-09-04 19:20:03,21.45,968.22
2026-09-04 19:25:03,21.5,968.28
2026-09-04 19:30:03,21.53,968.34
2026-09-04 19:35:03,21.56,968.36
2026-09-04 19:40:03,21.44,968.43
2026-09-04 19:45:03,21.52,968.48
2026-09-04 19:50:03,21.53,968.52
2026-09-04 19:55:03,21.59,968.55
2026-09-04 20:00:03,21.62,968.51
2026-09-04 20:05:03,21.65,968.57
2026-09-04 20:10:03,21.74,968.65
2026-09-04 20:15:03,21.66,968.64
2026-09-04 20:20:03,21.67,968.7
2026-09-04 20:25:03,21.68,968.77
2026-09-04 20:30:03,21.7,968.76
2026-09-04 20:35:03,21.73,968.78
2026-09-04 20:40:03,21.69,968.86
2026-09-04 20:45:03,21.66,968.9
2026-09-04 20:50:03,21.6,968.84
2026-09-04 20:55:03,21.52,968.84
2026-09-04 21:00:03,21.54,968.71
2026-09-04 21:05:03,21.71,968.73
2026-09-04 21:10:03,21.65,968.58
2026-09-04 21:15:03,21.57,968.41
2026-09-04 21:20:03,21.61,968.31
2026-09-04 21:25:03,21.58,968.31
2026-09-04 21:30:03,21.61,968.23
2026-09-04 21:35:03,21.74,968.18
2026-09-04 21:40:03,21.68,968.12
2026-09-04 21:45:03,21.71,968.15
2026-09-04 21:50:03,21.66,968.11
2026-09-04 21:55:03,21.82,967.96
2026-09-04 22:00:03,21.86,968.02
2026-09-04 22:05:03,21.94,967.98
2026-09-04 22:10:03,21.96,967.89
2026-09-04 22:15:03,22.07,967.85
2026-09-04 22:20:03,22.15,967.68
2026-09-04 22:25:03,22.06,967.74
2026-09-04 22:30:03,22.15,967.59
2026-09-04 22:35:03,22.15,967.55
2026-09-04 22:40:03,22.09,967.59
2026-09-04 22:45:03,22.27,967.52
2026-09-04 22:50:03,22.42,967.67
2026-09-04 22:55:03,22.46,967.71
2026-09-04 23:00:03,22.46,967.75
2026-09-04 23:05:03,22.56,967.68
2026-09-04 23:10:03,22.62,967.74
2026-09-04 23:15:03,22.56,967.71
2026-09-04 23:20:03,22.57,967.74
2026-09-04 23:25:03,22.55,967.64
2026-09-04 23:30:03,22.39,967.64
2026-09-04 23:35:03,22.23,967.7
2026-09-04 23:40:03,22.12,967.7
2026-09-04 23:45:03,22.03,967.72
2026-09-04 23:50:03,22.17,967.66
2026-09-04 23:55:03,22.4,967.61
2026-09-05 00:00:03,22.29,967.66
2026-09-05 00:05:03,22.39,967.59
2026-09-05 00:10:03,22.52,967.58
2026-09-05 00:15:03,22.79,967.53
2026-09-05 00:20:03,22.8,967.51
2026-09-05 00:25:03,22.96,967.55
2026-09-05 00:30:03,22.96,967.5
2026-09-05 00:35:03,23.11,967.7
2026-09-05 00:40:03,23.28,968.01
2026-09-05 00:45:03,22.89,968.51
2026-09-05 00:50:03,21.81,968.83
2026-09-05 00:55:03,20.98,969.09
2026-09-05 01:00:03,20.58,969.29
2026-09-05 01:05:03,20.4,969.46
2026-09-05 01:10:03,19.99,969.64
2026-09-05 01:15:03,19.57,969.74
2026-09-05 01:20:03,19.49,969.78
2026-09-05 01:25:03,19.3,969.96
2026-09-05 01:30:03,19.1,969.9
2026-09-05 01:35:03,19.03,970.13
2026-09-05 01:40:03,18.93,970.21
2026-09-05 01:45:03,18.66,970.21
2026-09-05 01:50:03,18.63,970.31
2026-09-05 01:55:03,18.5,970.4
2026-09-05 02:00:03,18.41,970.5
2026-09-05 02:05:03,18.44,970.58
2026-09-05 02:10:03,18.35,970.76
2026-09-05 02:15:03,18.16,970.86
2026-09-05 02:20:03,18.15,971.02
2026-09-05 02:25:03,18.03,971.16
2026-09-05 02:30:03,17.83,971.31
2026-09-05 02:35:03,17.73,971.35
2026-09-05 02:40:03,17.59,971.38
2026-09-05 02:45:03,17.54,971.58
2026-09-05 02:50:03,17.51,971.52
2026-09-05 02:55:03,17.28,971.6
2026-09-05 03:00:03,16.47,971.87
2026-09-05 03:05:03,16.19,971.87
2026-09-05 03:10:03,16.39,971.77
2026-09-05 03:15:03,16.1,971.76
2026-09-05 03:20:03,16.08,971.66
2026-09-05 03:25:03,16.02,971.72
2026-09-05 03:30:03,15.87,971.96
2026-09-05 03:35:03,15.88,971.84
2026-09-05 03:40:03,15.84,971.82
2026-09-05 03:45:03,15.84,971.9
2026-09-05 03:50:03,15.81,971.97
2026-09-05 03:55:03,15.82,971.89
2026-09-05 04:00:03,15.65,971.7
2026-09-05 04:05:03,15.67,971.81
2026-09-05 04:10:03,15.71,971.94
2026-09-05 04:15:03,15.68,972.23
2026-09-05 04:20:03,15.69,971.96
2026-09-05 04:25:03,15.74,971.98
2026-09-05 04:30:03,15.74,971.99
2026-09-05 04:35:03,15.72,971.78
2026-09-05 04:40:03,15.72,971.72
2026-09-05 04:45:03,15.75,971.88
2026-09-05 04:50:03,15.84,971.91
2026-09-05 04:55:03,15.83,972.0
2026-09-05 05:00:03,15.75,971.93
2026-09-05 05:05:03,15.83,971.81
2026-09-05 05:10:03,15.82,971.7
2026-09-05 05:15:03,15.75,971.72
2026-09-05 05:20:03,15.76,971.68
2026-09-05 05:25:03,15.75,971.6
2026-09-05 05:30:03,15.96,971.64
2026-09-05 05:35:03,15.98,971.52
2026-09-05 05:40:03,16.1,971.59
2026-09-05 05:45:03,16.08,971.73
2026-09-05 05:50:03,16.05,971.77
2026-09-05 05:55:03,15.96,972.0
2026-09-05 06:00:03,15.81,972.46
2026-09-05 06:05:03,15.84,972.18
2026-09-05 06:10:03,15.69,972.33
2026-09-05 06:15:03,15.5,972.47
2026-09-05 06:20:03,15.44,972.33
2026-09-05 06:25:03,15.33,972.52
2026-09-05 06:30:03,15.34,972.64
2026-09-05 06:35:03,15.27,972.27
2026-09-05 06:40:03,15.25,972.41
2026-09-05 06:45:03,15.4,972.7
2026-09-05 06:50:03,15.43,973.02
2026-09-05 06:55:03,15.42,973.29
2026-09-05 07:00:03,15.28,972.42
2026-09-05 07:05:03,15.27,972.73
2026-09-05 07:10:03,15.24,972.84
2026-09-05 07:15:03,15.35,972.86
2026-09-05 07:20:03,15.42,972.8
2026-09-05 07:25:03,15.45,973.11
2026-09-05 07:30:03,15.34,973.34
2026-09-05 07:35:03,15.38,973.27
2026-09-05 07:40:03,15.41,973.26
2026-09-05 07:45:03,15.51,973.5
2026-09-05 07:50:03,15.53,973.73
2026-09-05 07:55:03,15.39,973.71
2026-09-05 08:00:03,15.34,973.76
2026-09-05 08:05:03,15.33,973.52
2026-09-05 08:10:03,15.28,973.37
2026-09-05 08:15:03,15.37,973.68
2026-09-05 08:20:03,15.48,973.66
2026-09-05 08:25:03,15.42,973.6
2026-09-05 08:30:03,15.49,973.53
2026-09-05 08:35:03,15.43,973.51
2026-09-05 08:40:03,15.4,973.71
2026-09-05 08:45:03,15.43,973.81
2026-09-05 08:50:03,15.32,974.16
2026-09-05 08:55:03,15.33,974.67
2026-09-05 09:00:03,15.35,974.46
2026-09-05 09:05:03,15.3,974.37
2026-09-05 09:10:03,15.37,974.51
2026-09-05 09:15:03,15.4,974.49
2026-09-05 09:20:03,15.34,974.41
2026-09-05 09:25:03,15.29,974.23
2026-09-05 09:30:03,15.28,973.96
2026-09-05 09:35:03,15.31,974.37
2026-09-05 09:40:03,15.32,974.42
2026-09-05 09:45:03,15.38,974.82
2026-09-05 09:50:03,15.48,974.81
2026-09-05 09:55:03,15.54,974.69
2026-09-05 10:00:03,15.72,974.69
2026-09-05 10:05:03,15.84,974.52
2026-09-05 10:10:03,16.03,974.48
2026-09-05 10:15:03,16.42,974.66
2026-09-05 10:20:03,16.59,974.68
2026-09-05 10:25:03,16.75,974.69
2026-09-05 10:30:03,16.83,974.59
2026-09-05 10:35:03,16.8,974.71
2026-09-05 10:40:03,17.42,974.68
2026-09-05 10:45:03,17.28,974.79
2026-09-05 10:50:03,17.21,974.91
2026-09-05 10:55:03,17.89,974.94
2026-09-05 11:00:03,18.32,974.94
2026-09-05 11:05:03,19.17,974.92
2026-09-05 11:10:03,19.33,974.83
2026-09-05 11:15:03,19.11,974.87
2026-09-05 11:20:03,19.11,974.79
2026-09-05 11:25:03,18.72,974.86
2026-09-05 11:30:03,19.08,974.73
2026-09-05 11:35:03,19.11,974.67
2026-09-05 11:40:03,19.37,974.67
2026-09-05 11:45:03,19.42,974.62
2026-09-05 11:50:03,19.68,974.7
2026-09-05 11:55:03,19.55,974.67
2026-09-05 12:00:03,18.83,974.63
2026-09-05 12:05:03,19.25,974.76
2026-09-05 12:10:03,19.45,974.72
2026-09-05 12:15:03,20.04,974.84
2026-09-05 12:20:03,20.18,974.85
2026-09-05 12:25:03,20.63,974.84
2026-09-05 12:30:03,20.57,974.81
2026-09-05 12:35:03,20.02,974.82
2026-09-05 12:40:03,19.71,974.8
2026-09-05 12:45:03,19.57,974.75
2026-09-05 12:50:03,20.05,974.73
2026-09-05 12:55:03,20.77,974.64
2026-09-05 13:00:03,20.56,974.66
2026-09-05 13:05:03,20.62,974.75
2026-09-05 13:10:03,20.63,974.69
2026-09-05 13:15:03,20.97,974.68
2026-09-05 13:20:03,21.1,974.64
2026-09-05 13:25:03,21.92,974.62
2026-09-05 13:30:03,22.23,974.57
2026-09-05 13:35:03,21.7,974.64
2026-09-05 13:40:03,21.2,974.62
2026-09-05 13:45:03,21.41,974.7
2026-09-05 13:50:03,21.16,974.59
2026-09-05 13:55:03,21.66,974.58
2026-09-05 14:00:03,21.62,974.49
2026-09-05 14:05:03,21.24,974.59
2026-09-05 14:10:03,21.46,974.61
2026-09-05 14:15:03,22.02,974.53
2026-09-05 14:20:03,21.59,974.54
2026-09-05 14:25:03,22.82,974.42
2026-09-05 14:30:03,22.74,974.34
2026-09-05 14:35:03,22.96,974.35
2026-09-05 14:40:03,23.21,974.39
2026-09-05 14:45:03,23.13,974.34
2026-09-05 14:50:03,22.69,974.37
2026-09-05 14:55:03,22.39,974.39
2026-09-05 15:00:03,21.49,974.32
2026-09-05 15:05:03,20.73,974.36
2026-09-05 15:10:03,20.92,974.36
2026-09-05 15:15:03,21.58,974.27
2026-09-05 15:20:03,21.93,974.14
2026-09-05 15:25:03,22.12,974.26
2026-09-05 15:30:03,21.23,974.24
2026-09-05 15:35:03,20.35,974.23
2026-09-05 15:40:03,21.02,974.25
2026-09-05 15:45:03,21.81,974.25
2026-09-05 15:50:03,22.6,974.22
2026-09-05 15:55:03,22.97,974.17
2026-09-05 16:00:03,22.25,974.09
2026-09-05 16:05:03,21.96,974.1
2026-09-05 16:10:03,21.8,974.08
2026-09-05 16:15:03,21.8,974.0
2026-09-05 16:20:03,21.82,973.99
2026-09-05 16:25:03,21.77,973.88
2026-09-05 16:30:03,21.71,973.81
2026-09-05 16:35:03,21.8,973.9
2026-09-05 16:40:03,22.04,973.78
2026-09-05 16:45:03,21.91,973.85
2026-09-05 16:50:03,21.4,973.94
2026-09-05 16:55:03,21.41,974.02
2026-09-05 17:00:03,21.16,973.95
2026-09-05 17:05:03,20.49,973.98
2026-09-05 17:10:03,19.91,973.9
2026-09-05 17:15:03,19.92,973.98
2026-09-05 17:20:03,20.27,973.98
2026-09-05 17:25:03,20.67,973.98
2026-09-05 17:30:03,20.89,974.05
2026-09-05 17:35:03,20.85,974.13
2026-09-05 17:40:03,20.61,974.16
2026-09-05 17:45:03,20.25,974.09
2026-09-05 17:50:03,19.72,974.09
2026-09-05 17:55:03,19.37,974.25
2026-09-05 18:00:03,19.03,974.26
2026-09-05 18:05:03,18.99,974.32
2026-09-05 18:10:03,19.02,974.39
2026-09-05 18:15:03,19.24,974.45
2026-09-05 18:20:03,19.42,974.46
2026-09-05 18:25:03,19.59,974.64
2026-09-05 18:30:03,19.41,974.69
2026-09-05 18:35:03,19.07,974.76
2026-09-05 18:40:03,18.81,974.86
2026-09-05 18:45:03,18.5,974.95
2026-09-05 18:50:03,18.2,975.05
2026-09-05 18:55:03,17.99,975.11
2026-09-05 19:00:03,17.81,975.03
2026-09-05 19:05:03,17.72,975.17
2026-09-05 19:10:03,17.54,975.28
2026-09-05 19:15:03,17.47,975.27
2026-09-05 19:20:03,17.38,975.38
2026-09-05 19:25:03,17.19,975.37
2026-09-05 19:30:03,17.21,975.4
2026-09-05 19:35:03,17.16,975.44
2026-09-05 19:40:03,17.13,975.48
2026-09-05 19:45:03,16.96,975.57
2026-09-05 19:50:03,16.91,975.63
2026-09-05 19:55:03,16.89,975.69
2026-09-05 20:00:03,16.92,975.68
2026-09-05 20:05:03,16.88,975.74
2026-09-05 20:10:03,16.87,975.79
2026-09-05 20:15:03,16.9,975.9
2026-09-05 20:20:03,16.88,975.97
2026-09-05 20:25:03,16.71,976.04
2026-09-05 20:30:03,16.56,976.01
2026-09-05 20:35:03,16.37,975.96
2026-09-05 20:40:03,16.18,976.06
2026-09-05 20:45:03,16.07,976.1
2026-09-05 20:50:03,15.96,976.23
2026-09-05 20:55:03,15.98,976.25
2026-09-05 21:00:03,15.9,976.26
2026-09-05 21:05:03,15.9,976.19
2026-09-05 21:10:03,15.88,976.23
2026-09-05 21:15:03,15.7,976.25
2026-09-05 21:20:03,15.66,976.4
2026-09-05 21:25:03,15.64,976.4
2026-09-05 21:30:03,15.64,976.46
2026-09-05 21:35:03,15.69,976.46
2026-09-05 21:40:03,15.91,976.51
2026-09-05 21:45:03,15.94,976.6
2026-09-05 21:50:03,15.9,976.61
2026-09-05 21:55:03,15.81,976.67
2026-09-05 22:00:03,15.65,976.63
2026-09-05 22:05:03,15.5,976.66
2026-09-05 22:10:03,15.37,976.69
2026-09-05 22:15:03,15.27,976.67
2026-09-05 22:20:03,15.42,976.75
2026-09-05 22:25:03,15.42,976.85
2026-09-05 22:30:03,15.57,976.87
2026-09-05 22:35:03,15.61,976.82
2026-09-05 22:40:03,15.54,976.9
2026-09-05 22:45:03,15.47,976.93
2026-09-05 22:50:03,15.43,977.0
2026-09-05 22:55:03,15.49,977.02
2026-09-05 23:00:03,15.6,977.09
2026-09-05 23:05:03,15.75,977.17
2026-09-05 23:10:03,15.83,977.25
2026-09-05 23:15:03,15.89,977.27
2026-09-05 23:20:03,15.96,977.33
2026-09-05 23:25:03,15.98,977.62
2026-09-05 23:30:03,15.95,977.84
2026-09-05 23:35:03,15.63,977.97
2026-09-05 23:40:03,14.91,978.21
2026-09-05 23:45:03,14.73,978.25
2026-09-05 23:50:03,14.54,978.34
2026-09-05 23:55:03,14.48,978.45
2026-09-06 00:00:03,14.48,978.4
2026-09-06 00:05:03,14.48,978.4
2026-09-06 00:10:03,14.38,978.47
2026-09-06 00:15:03,14.28,978.47
2026-09-06 00:20:03,14.35,978.44
2026-09-06 00:25:03,14.3,978.52
2026-09-06 00:30:03,14.02,978.51
2026-09-06 00:35:03,13.97,978.43
2026-09-06 00:40:03,14.14,978.38
2026-09-06 00:45:03,14.01,978.44
2026-09-06 00:50:03,14.0,978.49
2026-09-06 00:55:03,13.99,978.55
2026-09-06 01:00:03,13.97,978.61
2026-09-06 01:05:03,13.84,978.58
2026-09-06 01:10:03,13.77,978.6
2026-09-06 01:15:03,13.78,978.69
2026-09-06 01:20:03,13.78,978.69
2026-09-06 01:25:03,13.67,978.71
2026-09-06 01:30:03,13.57,978.75
2026-09-06 01:35:03,13.3,978.72
2026-09-06 01:40:03,13.32,978.66
2026-09-06 01:45:03,13.26,978.68
2026-09-06 01:50:03,13.26,978.66
2026-09-06 01:55:03,13.14,978.77
2026-09-06 02:00:03,13.09,978.67
2026-09-06 02:05:03,13.04,978.66
2026-09-06 02:10:03,13.05,978.65
2026-09-06 02:15:03,13.0,978.69
2026-09-06 02:20:03,12.93,978.74
2026-09-06 02:25:03,12.88,978.72
2026-09-06 02:30:03,12.93,978.69
2026-09-06 02:35:03,12.89,978.61
2026-09-06 02:40:03,12.83,978.59
2026-09-06 02:45:03,12.71,978.6
2026-09-06 02:50:03,12.81,978.66
2026-09-06 02:55:03,12.81,978.69
2026-09-06 03:00:03,12.91,978.66
2026-09-06 03:05:03,13.08,978.67
2026-09-06 03:10:03,13.17,978.68
2026-09-06 03:15:03,13.17,978.67
2026-09-06 03:20:03,13.24,978.73
2026-09-06 03:25:03,13.32,978.72
2026-09-06 03:30:03,13.32,978.75
2026-09-06 03:35:03,13.23,978.81
2026-09-06 03:40:03,13.2,978.84
2026-09-06 03:45:03,13.17,978.88
2026-09-06 03:50:03,13.19,978.91
2026-09-06 03:55:03,13.2,979.0
2026-09-06 04:00:03,13.09,979.07
2026-09-06 04:05:03,12.98,979.11
2026-09-06 04:10:03,12.9,979.15
2026-09-06 04:15:03,12.83,979.19
2026-09-06 04:20:03,12.71,979.16
2026-09-06 04:25:03,12.62,979.17
2026-09-06 04:30:03,12.62,979.25
2026-09-06 04:35:03,12.52,979.34
2026-09-06 04:40:03,12.5,979.33
2026-09-06 04:45:03,12.39,979.31
2026-09-06 04:50:03,12.4,979.39
2026-09-06 04:55:03,12.42,979.44
2026-09-06 05:00:03,12.36,979.56
2026-09-06 05:05:03,12.35,979.55
2026-09-06 05:10:03,12.21,979.6
2026-09-06 05:15:03,12.11,979.72
2026-09-06 05:20:03,12.05,979.71
2026-09-06 05:25:03,11.86,979.77
2026-09-06 05:30:03,11.79,979.85
2026-09-06 05:35:03,11.78,979.84
2026-09-06 05:40:03,11.82,979.94
2026-09-06 05:45:03,11.89,979.89
2026-09-06 05:50:03,12.05,979.94
2026-09-06 05:55:03,12.01,979.95
2026-09-06 06:00:03,12.05,979.99
2026-09-06 06:05:03,12.13,979.98
2026-09-06 06:10:03,12.18,979.99
2026-09-06 06:15:03,12.24,979.94
2026-09-06 06:20:03,12.34,980.01
2026-09-06 06:25:03,12.31,980.01
2026-09-06 06:30:03,12.47,980.04
2026-09-06 06:35:03,12.54,980.02
2026-09-06 06:40:03,12.68,980.11
2026-09-06 06:45:03,12.62,980.12
2026-09-06 06:50:03,12.56,980.17
2026-09-06 06:55:03,12.56,980.22
2026-09-06 07:00:03,12.76,980.23
2026-09-06 07:05:03,12.81,980.34
2026-09-06 07:10:03,13.09,980.33
2026-09-06 07:15:03,13.1,980.35
2026-09-06 07:20:03,13.76,980.38
2026-09-06 07:25:03,14.05,980.41
2026-09-06 07:30:03,13.7,980.44
2026-09-06 07:35:03,14.1,980.56
2026-09-06 07:40:03,14.0,980.54
2026-09-06 07:45:03,13.97,980.59
2026-09-06 07:50:03,13.83,980.66
2026-09-06 07:55:03,13.54,980.65
2026-09-06 08:00:03,14.13,980.72
2026-09-06 08:05:03,13.99,980.77
2026-09-06 08:10:03,14.11,980.84
2026-09-06 08:15:03,13.69,980.95
2026-09-06 08:20:03,13.69,980.96
2026-09-06 08:25:03,13.17,981.11
2026-09-06 08:30:03,13.59,981.07
2026-09-06 08:35:03,13.66,981.18
2026-09-06 08:40:03,13.63,981.22
2026-09-06 08:45:03,13.64,981.23
2026-09-06 08:50:03,13.73,981.24
2026-09-06 08:55:03,13.83,981.3
2026-09-06 09:00:03,14.28,981.37
2026-09-06 09:05:03,14.75,981.38
2026-09-06 09:10:03,14.26,981.56
2026-09-06 09:15:03,14.63,981.44
2026-09-06 09:20:03,14.29,981.47
2026-09-06 09:25:03,14.63,981.58
2026-09-06 09:30:03,15.26,981.48
2026-09-06 09:35:03,15.31,981.63
2026-09-06 09:40:03,15.3,981.63
2026-09-06 09:45:03,15.89,981.74
2026-09-06 09:50:03,16.04,981.82
2026-09-06 09:55:03,15.56,981.73
2026-09-06 10:00:03,15.37,981.93
2026-09-06 10:05:03,15.51,981.98
2026-09-06 10:10:03,16.03,981.91
2026-09-06 10:15:03,16.32,981.95
2026-09-06 10:20:03,16.51,982.0
2026-09-06 10:25:03,15.36,982.19
2026-09-06 10:30:03,15.11,982.24
2026-09-06 10:35:03,15.06,982.29
2026-09-06 10:40:03,15.03,982.35
2026-09-06 10:45:03,15.55,982.32
2026-09-06 10:50:03,16.8,982.31
2026-09-06 10:55:03,15.82,982.38
2026-09-06 11:00:03,15.36,982.37
2026-09-06 11:05:03,15.07,982.35
2026-09-06 11:10:03,15.72,982.3
2026-09-06 11:15:03,15.82,982.21
2026-09-06 11:20:03,15.98,982.3
2026-09-06 11:25:03,15.0,982.28
2026-09-06 11:30:03,15.76,982.28
2026-09-06 11:35:03,15.94,982.25
2026-09-06 11:40:03,15.67,982.35
2026-09-06 11:45:03,15.13,982.5
2026-09-06 11:50:03,15.52,982.53
2026-09-06 11:55:03,16.31,982.42
2026-09-06 12:00:03,15.85,982.45
2026-09-06 12:05:03,16.05,982.4
2026-09-06 12:10:03,16.66,982.39
2026-09-06 12:15:03,17.47,982.31
2026-09-06 12:20:03,17.23,982.39
2026-09-06 12:25:03,16.76,982.5
2026-09-06 12:30:03,16.85,982.43
2026-09-06 12:35:03,16.59,982.47
2026-09-06 12:40:03,17.62,982.47
2026-09-06 12:45:03,17.48,982.51
2026-09-06 12:50:03,18.12,982.5
2026-09-06 12:55:03,17.94,982.47
2026-09-06 13:00:03,18.71,982.48
2026-09-06 13:05:03,18.59,982.5
2026-09-06 13:10:03,17.6,982.56
2026-09-06 13:15:03,19.86,982.37
2026-09-06 13:20:03,19.74,982.36
2026-09-06 13:25:03,18.07,982.46
2026-09-06 13:30:03,17.38,982.53
2026-09-06 13:35:03,17.05,982.54
2026-09-06 13:40:03,16.44,982.55
2026-09-06 13:45:03,17.31,982.45
2026-09-06 13:50:03,17.55,982.42
2026-09-06 13:55:03,19.1,982.41
2026-09-06 14:00:03,20.75,982.3
2026-09-06 14:05:03,20.94,982.37
2026-09-06 14:10:03,18.78,982.5
2026-09-06 14:15:03,17.33,982.55
2026-09-06 14:20:03,17.52,982.5
2026-09-06 14:25:03,16.92,982.59
2026-09-06 14:30:03,17.34,982.52
2026-09-06 14:35:03,17.89,982.53
2026-09-06 14:40:03,18.93,982.52
2026-09-06 14:45:03,20.45,982.52
2026-09-06 14:50:03,20.9,982.45
2026-09-06 14:55:03,21.45,982.51
2026-09-06 15:00:03,21.02,982.37
2026-09-06 15:05:03,19.63,982.41
2026-09-06 15:10:03,18.8,982.52
2026-09-06 15:15:03,20.11,982.56
2026-09-06 15:20:03,20.83,982.56
2026-09-06 15:25:03,21.06,982.49
2026-09-06 15:30:03,20.59,982.56
2026-09-06 15:35:03,19.5,982.62
2026-09-06 15:40:03,17.89,982.63
2026-09-06 15:45:03,18.08,982.62
2026-09-06 15:50:03,17.19,982.72
2026-09-06 15:55:03,16.92,982.66
2026-09-06 16:00:03,16.69,982.75
2026-09-06 16:05:03,17.77,982.7
2026-09-06 16:10:03,18.28,982.67
2026-09-06 16:15:03,18.5,982.61
2026-09-06 16:20:03,18.5,982.57
2026-09-06 16:25:03,18.0,982.62
2026-09-06 16:30:03,17.29,982.66
2026-09-06 16:35:03,17.18,982.62
2026-09-06 16:40:03,17.61,982.63
2026-09-06 16:45:03,17.96,982.63
2026-09-06 16:50:03,17.78,982.67
2026-09-06 16:55:03,17.23,982.68
2026-09-06 17:00:03,17.4,982.74
2026-09-06 17:05:03,17.52,982.75
2026-09-06 17:10:03,17.39,982.75
2026-09-06 17:15:03,17.4,982.69
2026-09-06 17:20:03,17.48,982.71
2026-09-06 17:25:03,17.4,982.72
2026-09-06 17:30:03,17.17,982.78
2026-09-06 17:35:03,16.83,982.88
2026-09-06 17:40:03,16.79,982.87
2026-09-06 17:45:03,16.68,982.9
2026-09-06 17:50:03,16.63,982.95
2026-09-06 17:55:03,16.67,982.97
2026-09-06 18:00:03,16.58,982.95
2026-09-06 18:05:03,16.43,982.94
2026-09-06 18:10:03,16.31,982.88
2026-09-06 18:15:03,16.32,982.97
2026-09-06 18:20:03,16.15,982.95
2026-09-06 18:25:03,16.15,982.96
2026-09-06 18:30:03,15.94,983.07
2026-09-06 18:35:03,15.79,983.09
2026-09-06 18:40:03,15.64,983.12
2026-09-06 18:45:03,15.64,983.16
2026-09-06 18:50:03,15.48,983.18
2026-09-06 18:55:03,15.3,983.18
2026-09-06 19:00:03,15.17,983.16
2026-09-06 19:05:03,14.95,983.26
2026-09-06 19:10:03,14.76,983.3
2026-09-06 19:15:03,14.59,983.37
2026-09-06 19:20:03,14.48,983.34
2026-09-06 19:25:03,14.32,983.31
2026-09-06 19:30:03,14.17,983.39
2026-09-06 19:35:03,13.8,983.49
2026-09-06 19:40:03,13.52,983.48
2026-09-06 19:45:03,13.37,983.49
2026-09-06 19:50:03,13.12,983.6
2026-09-06 19:55:03,12.86,983.76
2026-09-06 20:00:03,12.66,983.88
2026-09-06 20:05:03,12.49,983.89
2026-09-06 20:10:03,12.35,983.96
2026-09-06 20:15:03,12.26,983.96
2026-09-06 20:20:03,12.14,984.06
2026-09-06 20:25:03,12.01,984.06
2026-09-06 20:30:03,11.9,984.14
2026-09-06 20:35:03,11.72,984.18
2026-09-06 20:40:03,11.4,984.24
2026-09-06 20:45:03,11.25,984.24
2026-09-06 20:50:03,11.3,984.22
2026-09-06 20:55:03,11.21,984.28
2026-09-06 21:00:03,11.06,984.3
2026-09-06 21:05:03,10.97,984.3
2026-09-06 21:10:03,10.82,984.36
2026-09-06 21:15:03,10.8,984.37
2026-09-06 21:20:03,10.73,984.34
2026-09-06 21:25:03,10.64,984.28
2026-09-06 21:30:03,10.5,984.24
2026-09-06 21:35:03,10.35,984.33
2026-09-06 21:40:03,10.13,984.35
2026-09-06 21:45:03,10.05,984.34
2026-09-06 21:50:03,10.03,984.31
2026-09-06 21:55:03,9.9,984.37
2026-09-06 22:00:03,9.87,984.39
2026-09-06 22:05:03,9.63,984.46
2026-09-06 22:10:03,9.55,984.52
2026-09-06 22:15:03,9.5,984.46
2026-09-06 22:20:03,9.4,984.4
2026-09-06 22:25:03,9.36,984.42
2026-09-06 22:30:03,9.29,984.52
2026-09-06 22:35:03,9.39,984.41
2026-09-06 22:40:03,9.45,984.45
2026-09-06 22:45:03,9.53,984.5
2026-09-06 22:50:03,9.67,984.55
2026-09-06 22:55:03,9.58,984.56
2026-09-06 23:00:03,9.55,984.58
2026-09-06 23:05:03,9.57,984.57
2026-09-06 23:10:03,9.61,984.59
2026-09-06 23:15:03,9.61,984.62
2026-09-06 23:20:03,9.62,984.57
2026-09-06 23:25:03,9.6,984.53
2026-09-06 23:30:03,9.52,984.54
2026-09-06 23:35:03,9.47,984.55
2026-09-06 23:40:03,9.38,984.49
2026-09-06 23:45:03,9.33,984.51
2026-09-06 23:50:03,9.31,984.45
2026-09-06 23:55:03,9.3,984.51
2026-09-07 00:00:03,9.28,984.52
2026-09-07 00:05:03,9.23,984.61
2026-09-07 00:10:03,9.14,984.69
2026-09-07 00:15:03,9.1,984.7
2026-09-07 00:20:03,9.04,984.62
2026-09-07 00:25:03,8.97,984.62
2026-09-07 00:30:03,8.89,984.66
2026-09-07 00:35:03,8.9,984.67
2026-09-07 00:40:03,8.84,984.63
2026-09-07 00:45:03,8.81,984.62
2026-09-07 00:50:03,8.8,984.65
2026-09-07 00:55:03,8.75,984.67
2026-09-07 01:00:03,8.63,984.59
2026-09-07 01:05:03,8.6,984.53
2026-09-07 01:10:03,8.54,984.53
2026-09-07 01:15:03,8.5,984.47
2026-09-07 01:20:03,8.4,984.48
2026-09-07 01:25:03,8.33,984.42
2026-09-07 01:30:03,8.22,984.42
2026-09-07 01:35:03,8.06,984.48
2026-09-07 01:40:03,7.97,984.34
2026-09-07 01:45:03,7.85,984.39
2026-09-07 01:50:03,7.69,984.31
2026-09-07 01:55:03,7.59,984.3
2026-09-07 02:00:03,7.51,984.13
2026-09-07 02:05:03,7.46,984.25
2026-09-07 02:10:03,7.33,984.28
2026-09-07 02:15:03,7.29,984.27
2026-09-07 02:20:03,7.26,984.23
2026-09-07 02:25:03,7.22,984.33
2026-09-07 02:30:03,7.16,984.37
2026-09-07 02:35:03,7.21,984.39
2026-09-07 02:40:03,7.12,984.27
2026-09-07 02:45:03,7.12,984.25
2026-09-07 02:50:03,7.1,984.27
2026-09-07 02:55:03,7.07,984.22
2026-09-07 03:00:03,7.06,984.16
2026-09-07 03:05:03,7.01,984.14
2026-09-07 03:10:03,7.09,984.06
2026-09-07 03:15:03,7.09,984.04
2026-09-07 03:20:03,7.05,984.09
2026-09-07 03:25:03,7.05,984.0
2026-09-07 03:30:03,6.95,984.03
2026-09-07 03:35:03,6.89,984.08
2026-09-07 03:40:03,6.84,984.12
2026-09-07 03:45:03,6.77,984.16
2026-09-07 03:50:03,6.71,984.1
2026-09-07 03:55:03,6.59,984.03
2026-09-07 04:00:03,6.56,983.89
2026-09-07 04:05:03,6.54,983.88
2026-09-07 04:10:03,6.5,983.85
2026-09-07 04:15:03,6.53,983.95
2026-09-07 04:20:03,6.48,983.87
2026-09-07 04:25:03,6.51,983.91
2026-09-07 04:30:03,6.48,983.92
2026-09-07 04:35:03,6.42,983.84
2026-09-07 04:40:03,6.39,983.76
2026-09-07 04:45:03,6.33,983.74
2026-09-07 04:50:03,6.31,983.69
2026-09-07 04:55:03,6.26,983.65
2026-09-07 05:00:03,6.21,983.7
2026-09-07 05:05:03,6.11,983.75
2026-09-07 05:10:03,6.01,983.85
2026-09-07 05:15:03,5.99,983.89
2026-09-07 05:20:03,5.91,983.9
2026-09-07 05:25:03,5.92,983.93
2026-09-07 05:30:04,5.93,983.9
2026-09-07 05:35:04,5.86,983.8
2026-09-07 05:40:04,5.91,983.78
2026-09-07 05:45:04,5.98,983.81
2026-09-07 05:50:04,6.01,983.81
2026-09-07 05:55:04,6.14,983.8
2026-09-07 06:00:04,6.12,983.79
2026-09-07 06:05:04,6.12,983.82
2026-09-07 06:10:04,6.2,983.84
2026-09-07 06:15:04,6.26,983.91
2026-09-07 06:20:04,6.23,983.96
2026-09-07 06:25:04,6.22,983.92
2026-09-07 06:30:04,6.2,983.82
2026-09-07 06:35:04,6.16,983.73
2026-09-07 06:40:04,6.29,983.66
2026-09-07 06:45:04,6.38,983.59
2026-09-07 06:50:04,6.52,983.41
2026-09-07 06:55:04,6.67,983.44
2026-09-07 07:00:04,6.78,983.48
2026-09-07 07:05:04,6.98,983.55
2026-09-07 07:10:04,7.36,983.41
2026-09-07 07:15:04,7.6,983.32
2026-09-07 07:20:04,7.71,983.31
2026-09-07 07:25:04,7.82,983.24
2026-09-07 07:30:04,8.04,983.22
2026-09-07 07:35:04,8.17,983.22
2026-09-07 07:40:04,8.32,983.24
2026-09-07 07:45:04,8.71,983.26
2026-09-07 07:50:04,8.79,983.26
2026-09-07 07:55:04,8.73,983.26
2026-09-07 08:00:04,9.01,983.31
2026-09-07 08:05:04,9.22,983.36
2026-09-07 08:10:04,9.51,983.37
2026-09-07 08:15:04,9.72,983.38
2026-09-07 08:20:04,9.85,983.41
2026-09-07 08:25:04,10.1,983.36
2026-09-07 08:30:04,10.35,983.36
2026-09-07 08:35:04,10.52,983.37
2026-09-07 08:40:04,10.74,983.4
2026-09-07 08:45:04,10.98,983.4
2026-09-07 08:50:04,11.21,983.37
2026-09-07 08:55:04,11.46,983.4
2026-09-07 09:00:04,11.83,983.39
2026-09-07 09:05:04,12.14,983.35
2026-09-07 09:10:04,12.45,983.35
2026-09-07 09:15:04,12.69,983.41
2026-09-07 09:20:04,12.95,983.45
2026-09-07 09:25:04,13.22,983.42
2026-09-07 09:30:04,13.63,983.41
2026-09-07 09:35:04,13.84,983.38
2026-09-07 09:40:04,14.03,983.44
2026-09-07 09:45:04,14.39,983.39
2026-09-07 09:50:04,14.69,983.34
2026-09-07 09:55:04,14.89,983.24
2026-09-07 10:00:04,15.21,983.27
2026-09-07 10:05:04,15.59,983.23
2026-09-07 10:10:04,15.84,983.21
2026-09-07 10:15:04,16.11,983.12
2026-09-07 10:20:04,16.22,983.17
2026-09-07 10:25:04,16.56,983.22
2026-09-07 10:30:04,16.87,983.17
2026-09-07 10:35:04,17.11,983.19
2026-09-07 10:40:04,17.33,983.22
2026-09-07 10:45:04,17.44,983.27
2026-09-07 10:50:04,17.55,983.16
2026-09-07 10:55:04,17.82,983.17
2026-09-07 11:00:04,17.85,983.21
2026-09-07 11:05:04,17.99,983.26
2026-09-07 11:10:04,18.1,983.18
2026-09-07 11:15:04,18.11,983.19
2026-09-07 11:20:04,18.2,983.2
2026-09-07 11:25:04,18.25,983.22
2026-09-07 11:30:04,18.59,983.13
2026-09-07 11:35:04,19.13,982.99
2026-09-07 11:40:04,19.55,982.96
2026-09-07 11:45:04,19.93,982.85
2026-09-07 11:50:04,20.13,982.83
2026-09-07 11:55:04,19.98,982.72
2026-09-07 12:00:04,19.99,982.65
2026-09-07 12:05:04,20.06,982.62
2026-09-07 12:10:04,19.97,982.63
2026-09-07 12:15:04,20.62,982.44
2026-09-07 12:20:04,20.99,982.47
2026-09-07 12:25:04,20.38,982.43
2026-09-07 12:30:04,20.78,982.33
2026-09-07 12:35:04,20.58,982.27
2026-09-07 12:40:04,20.72,982.19
2026-09-07 12:45:04,20.85,982.25
2026-09-07 12:50:04,20.99,982.2
2026-09-07 12:55:04,21.15,982.23
2026-09-07 13:00:04,21.14,982.23
2026-09-07 13:05:04,21.21,982.26
2026-09-07 13:10:04,20.97,982.17
2026-09-07 13:15:04,21.51,982.1
2026-09-07 13:20:04,22.14,982.09
2026-09-07 13:25:04,22.57,982.01
2026-09-07 13:30:04,21.95,982.02
2026-09-07 13:35:04,21.43,982.02
2026-09-07 13:40:04,21.25,981.96
2026-09-07 13:45:04,20.91,982.04
2026-09-07 13:50:04,21.27,981.85
2026-09-07 13:55:04,21.42,981.86
2026-09-07 14:00:04,21.65,981.88
2026-09-07 14:05:04,22.05,981.8
2026-09-07 14:10:04,22.38,981.84
2026-09-07 14:15:04,21.67,981.86
2026-09-07 14:20:04,21.19,981.76
2026-09-07 14:25:04,20.88,981.69
2026-09-07 14:30:04,21.11,981.64
2026-09-07 14:35:04,21.81,981.57
2026-09-07 14:40:04,22.33,981.42
2026-09-07 14:45:04,22.53,981.46
2026-09-07 14:50:04,21.78,981.35
2026-09-07 14:55:04,21.49,981.33
2026-09-07 15:00:04,21.93,981.27
2026-09-07 15:05:04,21.9,981.19
2026-09-07 15:10:04,21.82,981.16
2026-09-07 15:15:04,22.24,981.09
2026-09-07 15:20:04,22.37,980.99
2026-09-07 15:25:04,21.7,980.95
2026-09-07 15:30:04,20.88,980.89
2026-09-07 15:35:04,20.11,980.92
2026-09-07 15:40:04,20.44,980.81
2026-09-07 15:45:04,20.08,980.77
2026-09-07 15:50:04,20.74,980.7
2026-09-07 15:55:04,20.85,980.63
2026-09-07 16:00:04,20.71,980.67
2026-09-07 16:05:04,20.38,980.8
2026-09-07 16:10:04,19.83,980.92
2026-09-07 16:15:04,20.06,980.94
2026-09-07 16:20:04,20.19,980.78
2026-09-07 16:25:04,20.06,980.69
2026-09-07 16:30:04,19.94,980.68
2026-09-07 16:35:04,20.29,980.71
2026-09-07 16:40:04,20.61,980.67
2026-09-07 16:45:04,20.94,980.63
2026-09-07 16:50:04,20.96,980.66
2026-09-07 16:55:04,20.33,980.6
2026-09-07 17:00:04,20.33,980.38
2026-09-07 17:05:04,20.04,980.37
2026-09-07 17:10:04,19.93,980.38
2026-09-07 17:15:04,19.69,980.26
2026-09-07 17:20:04,19.77,980.25
2026-09-07 17:25:04,19.84,980.15
2026-09-07 17:30:04,19.67,980.08
2026-09-07 17:35:04,19.46,980.03
2026-09-07 17:40:04,19.15,979.94
2026-09-07 17:45:04,18.98,979.89
2026-09-07 17:50:04,18.76,979.85
2026-09-07 17:55:04,18.39,979.88
2026-09-07 18:00:04,18.58,979.88
2026-09-07 18:05:04,18.58,979.86
2026-09-07 18:10:04,18.59,979.77
2026-09-07 18:15:04,18.59,979.75
2026-09-07 18:20:04,18.44,979.7
2026-09-07 18:25:04,18.3,979.7
2026-09-07 18:30:04,18.07,979.64
2026-09-07 18:35:04,18.0,979.65
2026-09-07 18:40:04,17.84,979.56
2026-09-07 18:45:04,17.78,979.54
2026-09-07 18:50:04,17.75,979.47
2026-09-07 18:55:04,17.59,979.42
2026-09-07 19:00:04,17.39,979.42
2026-09-07 19:05:04,17.14,979.4
2026-09-07 19:10:04,16.96,979.39
2026-09-07 19:15:04,16.83,979.36
2026-09-07 19:20:04,16.65,979.36
2026-09-07 19:25:04,16.51,979.27
2026-09-07 19:30:04,16.38,979.27
2026-09-07 19:35:04,16.28,979.3
2026-09-07 19:40:04,16.22,979.22
2026-09-07 19:45:04,16.1,979.23
2026-09-07 19:50:04,16.0,979.22
2026-09-07 19:55:04,15.95,979.23
2026-09-07 20:00:04,15.85,979.18
2026-09-07 20:05:04,15.74,979.15
2026-09-07 20:10:04,15.71,979.19
2026-09-07 20:15:04,15.83,979.24
2026-09-07 20:20:04,15.91,979.23
2026-09-07 20:25:04,15.93,979.37
2026-09-07 20:30:04,15.86,979.45
2026-09-07 20:35:04,15.72,979.4
2026-09-07 20:40:04,15.53,979.34
2026-09-07 20:45:04,15.31,979.33
2026-09-07 20:50:04,15.25,979.26
2026-09-07 20:55:04,15.2,979.26
2026-09-07 21:00:04,15.3,979.16
2026-09-07 21:05:04,15.37,979.16
2026-09-07 21:10:04,15.41,979.15
2026-09-07 21:15:04,15.46,979.11
2026-09-07 21:20:04,15.5,979.04
2026-09-07 21:25:04,15.55,978.93
2026-09-07 21:30:04,15.57,978.98
2026-09-07 21:35:04,15.63,978.96
2026-09-07 21:40:04,15.65,978.86
2026-09-07 21:45:04,15.6,978.8
2026-09-07 21:50:04,15.38,978.9
2026-09-07 21:55:04,15.22,978.83
2026-09-07 22:00:04,15.15,978.74
2026-09-07 22:05:04,15.11,978.68
2026-09-07 22:10:04,15.09,978.69
2026-09-07 22:15:04,15.13,978.71
2026-09-07 22:20:04,15.02,978.59
2026-09-07 22:25:04,15.05,978.57
2026-09-07 22:30:04,15.02,978.56
2026-09-07 22:35:04,15.01,978.58
2026-09-07 22:40:04,15.22,978.52
2026-09-07 22:45:04,15.16,978.55
2026-09-07 22:50:04,15.0,978.56
2026-09-07 22:55:04,14.94,978.53
2026-09-07 23:00:04,14.92,978.47
2026-09-07 23:05:04,15.03,978.5
2026-09-07 23:10:04,14.94,978.47
2026-09-07 23:15:04,14.74,978.44
2026-09-07 23:20:04,14.64,978.38
2026-09-07 23:25:04,14.55,978.27
2026-09-07 23:30:04,14.4,978.26
2026-09-07 23:35:04,14.31,978.31
2026-09-07 23:40:04,14.18,978.28
2026-09-07 23:45:04,14.11,978.18
2026-09-07 23:50:04,14.02,978.09
2026-09-07 23:55:04,13.94,978.03
2026-09-08 00:00:04,13.85,978.03
2026-09-08 00:05:04,13.8,978.01
2026-09-08 00:10:04,13.69,977.96
2026-09-08 00:15:04,13.56,977.84
2026-09-08 00:20:04,13.46,977.75
2026-09-08 00:25:04,13.38,977.8
2026-09-08 00:30:04,13.26,977.74
2026-09-08 00:35:04,13.21,977.65
2026-09-08 00:40:04,13.16,977.61
2026-09-08 00:45:04,13.14,977.62
2026-09-08 00:50:04,13.14,977.63
2026-09-08 00:55:04,13.14,977.59
2026-09-08 01:00:04,13.16,977.55
2026-09-08 01:05:04,13.13,977.51
2026-09-08 01:10:04,13.18,977.49
2026-09-08 01:15:04,13.12,977.45
2026-09-08 01:20:04,13.16,977.45
2026-09-08 01:25:04,13.18,977.35
2026-09-08 01:30:04,13.17,977.32
2026-09-08 01:35:04,13.13,977.33
2026-09-08 01:40:04,13.07,977.32
2026-09-08 01:45:04,13.05,977.29
2026-09-08 01:50:04,12.97,977.25
2026-09-08 01:55:04,12.89,977.18
2026-09-08 02:00:04,12.87,977.18
2026-09-08 02:05:04,12.83,977.19
2026-09-08 02:10:04,12.77,977.14
2026-09-08 02:15:04,12.65,977.16
2026-09-08 02:20:04,12.54,977.13
2026-09-08 02:25:04,12.52,977.08
2026-09-08 02:30:04,12.57,977.0
2026-09-08 02:35:04,12.52,977.05
2026-09-08 02:40:04,12.51,977.05
2026-09-08 02:45:04,12.5,976.99
2026-09-08 02:50:04,12.45,976.97
2026-09-08 02:55:04,12.36,976.93
2026-09-08 03:00:04,12.37,976.92
2026-09-08 03:05:04,12.29,976.89
2026-09-08 03:10:04,12.25,976.87
2026-09-08 03:15:04,12.23,976.79
2026-09-08 03:20:04,12.22,976.72
2026-09-08 03:25:04,12.21,976.71
2026-09-08 03:30:04,12.18,976.58
2026-09-08 03:35:04,12.19,976.54
2026-09-08 03:40:04,12.16,976.5
2026-09-08 03:45:04,12.1,976.51
2026-09-08 03:50:04,12.01,976.46
2026-09-08 03:55:04,12.02,976.41
2026-09-08 04:00:04,12.05,976.35
2026-09-08 04:05:04,12.03,976.36
2026-09-08 04:10:04,11.92,976.36
2026-09-08 04:15:04,11.9,976.35
2026-09-08 04:20:04,11.84,976.27
2026-09-08 04:25:04,11.82,976.16
2026-09-08 04:30:04,11.73,976.16
2026-09-08 04:35:04,11.72,976.09
2026-09-08 04:40:04,11.65,976.01
2026-09-08 04:45:04,11.62,975.97
2026-09-08 04:50:04,11.63,975.99
2026-09-08 04:55:04,11.74,975.97
2026-09-08 05:00:04,11.84,975.9
2026-09-08 05:05:04,12.03,975.93
2026-09-08 05:10:04,12.07,975.9
2026-09-08 05:15:04,12.03,975.84
2026-09-08 05:20:04,12.08,975.74
2026-09-08 05:25:04,12.09,975.79
2026-09-08 05:30:04,12.16,975.73
2026-09-08 05:35:04,12.17,975.66
2026-09-08 05:40:04,12.22,975.58
2026-09-08 05:45:04,12.28,975.61
2026-09-08 05:50:04,12.31,975.53
2026-09-08 05:55:04,12.38,975.53
2026-09-08 06:00:04,12.38,975.48
2026-09-08 06:05:04,12.4,975.48
2026-09-08 06:10:04,12.44,975.43
2026-09-08 06:15:04,12.45,975.37
2026-09-08 06:20:04,12.52,975.39
2026-09-08 06:25:04,13.25,975.35
2026-09-08 06:30:04,13.41,975.34
2026-09-08 06:35:04,13.65,975.39
2026-09-08 06:40:04,13.74,975.38
2026-09-08 06:45:04,13.4,975.4
2026-09-08 06:50:04,13.24,975.37
2026-09-08 06:55:04,13.27,975.38
2026-09-08 07:00:04,13.42,975.29
2026-09-08 07:05:04,13.65,975.36
2026-09-08 07:10:04,13.96,975.27
2026-09-08 07:15:04,14.17,975.26
2026-09-08 07:20:04,14.47,975.2
2026-09-08 07:25:04,14.72,975.28
2026-09-08 07:30:04,14.89,975.29
2026-09-08 07:35:04,15.05,975.22
2026-09-08 07:40:04,15.25,975.27
2026-09-08 07:45:04,15.47,975.35
2026-09-08 07:50:04,15.7,975.23
2026-09-08 07:55:04,15.98,975.16
2026-09-08 08:00:04,16.19,975.16
2026-09-08 08:05:04,16.37,975.15
2026-09-08 08:10:04,16.68,975.1
2026-09-08 08:15:04,16.9,975.04
2026-09-08 08:20:04,17.09,975.04
2026-09-08 08:25:04,17.26,974.98
2026-09-08 08:30:04,17.53,975.0
2026-09-08 08:35:04,17.82,974.91
2026-09-08 08:40:04,18.16,974.89
2026-09-08 08:45:04,18.55,974.91
2026-09-08 08:50:04,18.99,974.83
2026-09-08 08:55:04,19.35,974.82
2026-09-08 09:00:04,19.71,974.8
2026-09-08 09:05:04,20.0,974.76
2026-09-08 09:10:04,20.25,974.7
2026-09-08 09:15:04,20.49,974.66
2026-09-08 09:20:04,20.71,974.61
2026-09-08 09:25:04,20.93,974.62
2026-09-08 09:30:04,21.19,974.64
2026-09-08 09:35:04,21.37,974.66
2026-09-08 09:40:04,21.58,974.72
2026-09-08 09:45:04,21.78,974.64
2026-09-08 09:50:04,21.91,974.63
2026-09-08 09:55:04,22.04,974.57
2026-09-08 10:00:04,22.21,974.49
2026-09-08 10:05:04,22.37,974.38
2026-09-08 10:10:04,22.5,974.35
2026-09-08 10:15:04,22.63,974.32
2026-09-08 10:20:04,22.78,974.17
2026-09-08 10:25:04,22.87,974.18
2026-09-08 10:30:04,22.96,974.12
2026-09-08 10:35:04,23.03,974.03
2026-09-08 10:40:04,23.06,973.97
2026-09-08 10:45:04,23.14,973.92
2026-09-08 10:50:04,23.24,973.9
2026-09-08 10:55:04,23.39,973.92
2026-09-08 11:00:04,23.39,973.87
2026-09-08 11:05:04,23.3,973.81
2026-09-08 11:10:04,23.28,973.75
2026-09-08 11:15:04,23.41,973.71
2026-09-08 11:20:04,23.46,973.72
2026-09-08 11:25:04,23.55,973.63
2026-09-08 11:30:04,23.64,973.55
2026-09-08 11:35:04,23.58,973.52
2026-09-08 11:40:04,23.6,973.47
2026-09-08 11:45:04,23.56,973.44
2026-09-08 11:50:04,23.64,973.34
2026-09-08 11:55:04,23.75,973.33
2026-09-08 12:00:04,23.79,973.28
2026-09-08 12:05:04,23.86,973.18
2026-09-08 12:10:04,24.01,973.15
2026-09-08 12:15:04,24.36,973.23
2026-09-08 12:20:04,24.34,973.17
2026-09-08 12:25:04,24.49,973.12
2026-09-08 12:30:04,24.7,973.05
2026-09-08 12:35:04,24.77,973.04
2026-09-08 12:40:04,24.59,973.07
2026-09-08 12:45:04,24.47,973.01
2026-09-08 12:50:04,24.5,972.97
2026-09-08 12:55:04,24.51,972.94
2026-09-08 13:00:04,24.63,972.98
2026-09-08 13:05:04,24.48,972.85
2026-09-08 13:10:04,24.49,972.81
2026-09-08 13:15:04,24.77,972.75
2026-09-08 13:20:04,24.76,972.68
2026-09-08 13:25:04,24.78,972.62
2026-09-08 13:30:04,24.76,972.57
2026-09-08 13:35:04,24.81,972.55
2026-09-08 13:40:04,25.02,972.53
2026-09-08 13:45:04,24.96,972.46
2026-09-08 13:50:04,25.04,972.34
2026-09-08 13:55:04,24.89,972.3
2026-09-08 14:00:04,25.19,972.24
2026-09-08 14:05:04,25.47,972.23
2026-09-08 14:10:04,25.49,972.1
2026-09-08 14:15:04,25.32,971.99
2026-09-08 14:20:04,25.66,971.94
2026-09-08 14:25:04,25.55,971.88
2026-09-08 14:30:04,25.32,971.77
2026-09-08 14:35:04,25.3,971.81
2026-09-08 14:40:04,25.31,971.75
2026-09-08 14:45:04,25.29,971.69
2026-09-08 14:50:04,25.2,971.66
2026-09-08 14:55:04,25.17,971.55
2026-09-08 15:00:04,25.3,971.53
2026-09-08 15:05:04,25.16,971.47
2026-09-08 15:10:04,25.07,971.43
2026-09-08 15:15:04,25.13,971.4
2026-09-08 15:20:04,25.43,971.39
2026-09-08 15:25:04,25.35,971.32
2026-09-08 15:30:04,25.25,971.34
2026-09-08 15:35:04,25.44,971.24
2026-09-08 15:40:04,25.55,971.23
2026-09-08 15:45:04,25.66,971.21
2026-09-08 15:50:04,25.46,971.21
2026-09-08 15:55:04,25.57,971.22
2026-09-08 16:00:04,25.51,971.17
2026-09-08 16:05:04,25.58,971.12
2026-09-08 16:10:04,25.65,971.11
2026-09-08 16:15:04,25.66,970.98
2026-09-08 16:20:04,25.63,971.02
2026-09-08 16:25:04,25.65,970.94
2026-09-08 16:30:04,25.64,970.94
2026-09-08 16:35:04,25.58,970.76
2026-09-08 16:40:04,25.66,970.7
2026-09-08 16:45:04,25.54,970.66
2026-09-08 16:50:04,25.42,970.63
2026-09-08 16:55:04,25.39,970.56
2026-09-08 17:00:04,25.31,970.54
2026-09-08 17:05:04,25.25,970.54
2026-09-08 17:10:04,25.09,970.45
2026-09-08 17:15:04,24.98,970.4
2026-09-08 17:20:04,24.9,970.34
2026-09-08 17:25:04,24.75,970.29
2026-09-08 17:30:04,24.6,970.32
2026-09-08 17:35:04,24.5,970.28
2026-09-08 17:40:04,24.35,970.22
2026-09-08 17:45:04,24.07,970.18
2026-09-08 17:50:04,23.86,970.13
2026-09-08 17:55:04,23.73,970.08
2026-09-08 18:00:04,23.66,970.09
2026-09-08 18:05:04,23.65,970.04
2026-09-08 18:10:04,23.62,970.04
2026-09-08 18:15:04,23.52,969.98
2026-09-08 18:20:04,23.46,969.92
2026-09-08 18:25:04,23.42,969.86
2026-09-08 18:30:04,23.32,969.87
2026-09-08 18:35:04,23.18,969.79
2026-09-08 18:40:04,23.13,969.75
2026-09-08 18:45:04,22.93,969.66
2026-09-08 18:50:04,22.77,969.63
2026-09-08 18:55:04,22.71,969.64
2026-09-08 19:00:04,22.51,969.55
2026-09-08 19:05:04,22.4,969.58
2026-09-08 19:10:04,22.26,969.62
2026-09-08 19:15:04,22.2,969.6
2026-09-08 19:20:04,22.03,969.59
2026-09-08 19:25:04,21.84,969.64
2026-09-08 19:30:04,21.66,969.61
2026-09-08 19:35:04,21.53,969.62
2026-09-08 19:40:04,21.32,969.67
2026-09-08 19:45:04,21.2,969.67
2026-09-08 19:50:04,20.99,969.63
2026-09-08 19:55:04,20.91,969.63
2026-09-08 20:00:04,20.89,969.61
2026-09-08 20:05:04,20.74,969.6
2026-09-08 20:10:04,20.59,969.6
2026-09-08 20:15:04,20.62,969.63
2026-09-08 20:20:04,20.59,969.61
2026-09-08 20:25:04,20.51,969.62
2026-09-08 20:30:04,20.27,969.62
2026-09-08 20:35:04,20.08,969.64
2026-09-08 20:40:04,19.94,969.64
2026-09-08 20:45:04,20.02,969.63
2026-09-08 20:50:04,19.96,969.59
2026-09-08 20:55:04,20.09,969.56
2026-09-08 21:00:04,20.44,969.53
2026-09-08 21:05:04,20.64,969.44
2026-09-08 21:10:04,20.65,969.44
2026-09-08 21:15:04,20.53,969.38
2026-09-08 21:20:04,20.37,969.28
2026-09-08 21:25:04,20.17,969.28
2026-09-08 21:30:04,19.97,969.29
2026-09-08 21:35:04,19.94,969.24
2026-09-08 21:40:04,19.88,969.2
2026-09-08 21:45:04,19.95,969.26
2026-09-08 21:50:04,19.73,969.22
2026-09-08 21:55:04,19.5,969.16
2026-09-08 22:00:04,19.3,969.08
2026-09-08 22:05:04,19.13,969.14
2026-09-08 22:10:04,19.1,969.15
2026-09-08 22:15:04,19.01,969.09
2026-09-08 22:20:04,18.97,969.07
2026-09-08 22:25:04,18.9,969.05
2026-09-08 22:30:04,18.99,968.96
2026-09-08 22:35:04,18.91,968.95
2026-09-08 22:40:04,18.78,968.92
2026-09-08 22:45:04,18.78,968.86
2026-09-08 22:50:04,18.74,968.79
2026-09-08 22:55:04,18.56,968.74
2026-09-08 23:00:04,18.48,968.75
2026-09-08 23:05:04,18.38,968.67
2026-09-08 23:10:04,18.43,968.71
2026-09-08 23:15:04,18.5,968.68
2026-09-08 23:20:04,18.51,968.69
2026-09-08 23:25:04,18.48,968.61
2026-09-08 23:30:04,18.45,968.61
2026-09-08 23:35:04,18.38,968.6
2026-09-08 23:40:04,18.37,968.44
2026-09-08 23:45:04,18.26,968.48
2026-09-08 23:50:04,18.17,968.49
2026-09-08 23:55:04,18.09,968.45
2026-09-09 00:00:04,18.01,968.43
2026-09-09 00:05:04,18.07,968.35
2026-09-09 00:10:04,18.09,968.34
2026-09-09 00:15:04,18.05,968.36
2026-09-09 00:20:04,17.96,968.35
2026-09-09 00:25:04,17.89,968.3
2026-09-09 00:30:04,17.85,968.23
2026-09-09 00:35:04,17.77,968.28
2026-09-09 00:40:04,17.71,968.18
2026-09-09 00:45:04,17.7,968.24
2026-09-09 00:50:04,17.79,968.11
2026-09-09 00:55:04,17.83,968.1
2026-09-09 01:00:04,17.94,968.01
2026-09-09 01:05:04,18.17,968.03
2026-09-09 01:10:04,18.38,967.99
2026-09-09 01:15:04,18.71,967.93
2026-09-09 01:20:04,18.67,967.93
2026-09-09 01:25:04,18.57,967.88
2026-09-09 01:30:04,18.65,967.85
2026-09-09 01:35:04,18.96,967.75
2026-09-09 01:40:04,19.23,967.73
2026-09-09 01:45:04,19.19,967.67
2026-09-09 01:50:04,18.97,967.72
2026-09-09 01:55:04,18.74,967.75
2026-09-09 02:00:04,18.59,967.66
2026-09-09 02:05:04,18.53,967.61
2026-09-09 02:10:04,18.3,967.61
2026-09-09 02:15:04,18.14,967.46
2026-09-09 02:20:04,18.16,967.36
2026-09-09 02:25:04,18.26,967.46
2026-09-09 02:30:04,18.38,967.42
2026-09-09 02:35:04,18.54,967.32
2026-09-09 02:40:04,18.66,967.33
2026-09-09 02:45:04,18.99,967.33
2026-09-09 02:50:04,18.99,967.32
2026-09-09 02:55:04,18.94,967.19
2026-09-09 03:00:04,19.12,967.14
2026-09-09 03:05:04,19.13,967.14
2026-09-09 03:10:04,19.02,967.06
2026-09-09 03:15:04,18.95,967.06
2026-09-09 03:20:04,18.89,967.11
2026-09-09 03:25:04,18.79,967.05
2026-09-09 03:30:04,18.56,967.04
2026-09-09 03:35:04,18.45,966.91
2026-09-09 03:40:04,18.35,966.99
2026-09-09 03:45:04,18.36,966.92
2026-09-09 03:50:04,18.78,966.83
2026-09-09 03:55:04,18.97,966.9
2026-09-09 04:00:04,19.02,966.78
2026-09-09 04:05:04,18.91,966.84
2026-09-09 04:10:04,18.97,966.87
2026-09-09 04:15:04,19.04,966.9
2026-09-09 04:20:04,19.11,966.89
2026-09-09 04:25:04,19.28,966.78
2026-09-09 04:30:04,19.32,966.82
2026-09-09 04:35:04,19.13,966.84
2026-09-09 04:40:04,19.13,966.77
2026-09-09 04:45:04,19.06,966.66
2026-09-09 04:50:04,19.28,966.56
2026-09-09 04:55:04,19.38,966.53
2026-09-09 05:00:04,19.39,966.55
2026-09-09 05:05:04,19.61,966.52
2026-09-09 05:10:04,19.54,966.47
2026-09-09 05:15:04,19.46,966.43
2026-09-09 05:20:04,19.52,966.4
2026-09-09 05:25:04,19.51,966.26
2026-09-09 05:30:04,19.49,966.27
2026-09-09 05:35:04,19.48,966.19
2026-09-09 05:40:04,19.56,966.13
2026-09-09 05:45:04,19.42,966.05
2026-09-09 05:50:04,19.39,966.05
2026-09-09 05:55:04,19.48,966.02
2026-09-09 06:00:04,19.52,965.96
2026-09-09 06:05:04,19.69,965.91
2026-09-09 06:10:04,19.7,965.96
2026-09-09 06:15:04,19.65,966.05
2026-09-09 06:20:04,19.68,966.08
2026-09-09 06:25:04,19.74,965.99
2026-09-09 06:30:04,19.74,966.01
2026-09-09 06:35:04,19.94,966.09
2026-09-09 06:40:04,20.02,966.11
2026-09-09 06:45:04,19.98,965.87
2026-09-09 06:50:04,19.86,965.81
2026-09-09 06:55:04,20.34,965.87
2026-09-09 07:00:04,20.67,965.98
2026-09-09 07:05:04,20.86,965.87
2026-09-09 07:10:04,21.14,965.98
2026-09-09 07:15:04,21.2,965.83
2026-09-09 07:20:04,21.33,965.96
2026-09-09 07:25:04,21.41,965.92
2026-09-09 07:30:04,21.76,965.77
2026-09-09 07:35:04,21.88,965.78
2026-09-09 07:40:04,21.9,965.77
2026-09-09 07:45:04,22.06,965.9
2026-09-09 07:50:04,22.19,965.84
2026-09-09 07:55:04,22.38,965.86
2026-09-09 08:00:04,22.49,965.79
2026-09-09 08:05:04,22.5,965.74
2026-09-09 08:10:04,22.6,965.89
2026-09-09 08:15:04,22.9,965.78
2026-09-09 08:20:04,23.11,965.91
2026-09-09 08:25:04,23.21,965.79
2026-09-09 08:30:04,23.37,965.91
2026-09-09 08:35:04,23.73,965.93
2026-09-09 08:40:04,24.5,966.27
2026-09-09 08:45:04,24.61,966.57
2026-09-09 08:50:04,24.02,966.47
2026-09-09 08:55:04,23.47,966.53
2026-09-09 09:00:04,23.05,966.79
2026-09-09 09:05:04,22.68,967.01
2026-09-09 09:10:04,23.36,966.72
2026-09-09 09:15:04,23.87,966.62
2026-09-09 09:20:04,24.23,966.63
2026-09-09 09:25:04,24.43,966.89
2026-09-09 09:30:04,24.68,966.97
2026-09-09 09:35:04,24.95,966.84
2026-09-09 09:40:04,25.11,966.84
2026-09-09 09:45:04,25.25,966.48
2026-09-09 09:50:04,25.2,966.58
2026-09-09 09:55:04,25.43,967.08
2026-09-09 10:00:04,25.32,967.01
2026-09-09 10:05:04,25.25,966.79
2026-09-09 10:10:04,25.32,966.88
2026-09-09 10:15:04,25.04,966.81
2026-09-09 10:20:04,25.33,966.64
2026-09-09 10:25:04,25.31,966.61
2026-09-09 10:30:04,25.59,966.68
2026-09-09 10:35:04,25.83,966.6
2026-09-09 10:40:04,25.9,966.48
2026-09-09 10:45:04,26.17,966.47
2026-09-09 10:50:04,25.6,966.43
2026-09-09 10:55:04,25.01,966.51
2026-09-09 11:00:04,24.67,966.59
2026-09-09 11:05:04,24.71,966.61
2026-09-09 11:10:04,24.81,966.7
2026-09-09 11:15:04,24.79,966.66
2026-09-09 11:20:04,24.54,966.65
2026-09-09 11:25:04,24.84,966.72
2026-09-09 11:30:04,25.09,966.78
2026-09-09 11:35:04,25.43,966.79
2026-09-09 11:40:04,25.48,966.76
2026-09-09 11:45:04,26.02,966.73
2026-09-09 11:50:04,25.64,966.74
2026-09-09 11:55:04,25.83,966.59
2026-09-09 12:00:04,25.32,966.52
2026-09-09 12:05:04,25.68,966.5
2026-09-09 12:10:04,25.54,966.5
2026-09-09 12:15:04,25.79,966.49
2026-09-09 12:20:04,25.38,966.48
2026-09-09 12:25:04,25.33,966.44
2026-09-09 12:30:04,25.13,966.38
2026-09-09 12:35:04,25.66,966.36
2026-09-09 12:40:04,25.79,966.35
2026-09-09 12:45:04,25.49,966.33
2026-09-09 12:50:04,25.75,966.38
2026-09-09 12:55:04,26.34,966.2
2026-09-09 13:00:04,26.94,966.15
2026-09-09 13:05:04,27.32,966.13
2026-09-09 13:10:04,27.52,966.1
2026-09-09 13:15:04,27.69,966.09
2026-09-09 13:20:04,27.78,966.06
2026-09-09 13:25:04,27.74,966.12
2026-09-09 13:30:04,27.83,966.02
2026-09-09 13:35:04,27.88,966.04
2026-09-09 13:40:04,27.85,965.99
2026-09-09 13:45:04,27.87,965.94
2026-09-09 13:50:04,27.97,965.89
2026-09-09 13:55:04,28.1,965.82
2026-09-09 14:00:04,28.08,965.87
2026-09-09 14:05:04,28.25,965.84
2026-09-09 14:10:04,28.24,965.8
2026-09-09 14:15:04,28.13,965.78
2026-09-09 14:20:04,28.16,965.69
2026-09-09 14:25:04,28.4,965.63
2026-09-09 14:30:04,28.43,965.68
2026-09-09 14:35:04,28.39,965.67
2026-09-09 14:40:04,28.45,965.65
2026-09-09 14:45:04,28.31,965.65
2026-09-09 14:50:04,28.3,965.6
2026-09-09 14:55:04,28.34,965.5
2026-09-09 15:00:04,28.37,965.59
2026-09-09 15:05:04,28.53,965.5
2026-09-09 15:10:04,28.69,965.55
2026-09-09 15:15:04,28.48,965.45
2026-09-09 15:20:04,28.43,965.46
2026-09-09 15:25:04,28.47,965.42
2026-09-09 15:30:04,28.49,965.32
2026-09-09 15:35:04,28.45,965.31
2026-09-09 15:40:04,28.54,965.36
2026-09-09 15:45:04,28.45,965.34
2026-09-09 15:50:04,28.48,965.39
2026-09-09 15:55:04,28.4,965.36
2026-09-09 16:00:04,28.44,965.4
2026-09-09 16:05:04,28.53,965.38
2026-09-09 16:10:04,28.36,965.38
2026-09-09 16:15:04,28.34,965.27
2026-09-09 16:20:04,28.28,965.2
2026-09-09 16:25:04,28.21,965.15
2026-09-09 16:30:04,28.21,965.18
2026-09-09 16:35:04,27.6,965.17
2026-09-09 16:40:04,27.64,965.2
2026-09-09 16:45:04,27.76,965.17
2026-09-09 16:50:04,27.67,965.14
2026-09-09 16:55:04,27.4,965.11
2026-09-09 17:00:04,27.43,965.1
2026-09-09 17:05:04,27.24,965.1
2026-09-09 17:10:04,27.05,965.14
2026-09-09 17:15:04,26.92,965.07
2026-09-09 17:20:04,26.88,965.09
2026-09-09 17:25:04,26.67,965.1
2026-09-09 17:30:04,26.47,965.02
2026-09-09 17:35:04,26.31,965.07
2026-09-09 17:40:04,26.13,965.04
2026-09-09 17:45:04,26.12,965.05
2026-09-09 17:50:04,25.98,965.06
2026-09-09 17:55:04,25.86,965.09
2026-09-09 18:00:04,25.8,965.05
2026-09-09 18:05:04,25.74,964.97
2026-09-09 18:10:04,25.59,965.0
2026-09-09 18:15:04,25.45,964.98
2026-09-09 18:20:04,25.31,964.89
2026-09-09 18:25:04,25.1,964.81
2026-09-09 18:30:04,24.9,964.9
2026-09-09 18:35:04,24.61,964.98
2026-09-09 18:40:04,24.42,964.99
2026-09-09 18:45:04,24.19,965.0
2026-09-09 18:50:04,23.8,965.1
2026-09-09 18:55:04,23.33,965.09
2026-09-09 19:00:04,23.13,965.11
2026-09-09 19:05:04,22.55,965.27
2026-09-09 19:10:04,22.15,965.35
2026-09-09 19:15:04,21.83,965.44
2026-09-09 19:20:04,21.6,965.53
2026-09-09 19:25:04,21.32,965.57
2026-09-09 19:30:04,21.12,965.67
2026-09-09 19:35:04,20.96,965.71
2026-09-09 19:40:04,20.89,965.78
2026-09-09 19:45:04,20.89,965.86
2026-09-09 19:50:04,20.88,965.91
2026-09-09 19:55:04,20.79,965.92
2026-09-09 20:00:04,20.75,965.99
2026-09-09 20:05:04,20.65,966.07
2026-09-09 20:10:04,20.58,966.15
2026-09-09 20:15:04,20.75,966.19
2026-09-09 20:20:04,20.75,966.12
2026-09-09 20:25:04,20.68,966.12
2026-09-09 20:30:04,20.64,966.09
2026-09-09 20:35:04,20.3,966.14
2026-09-09 20:40:04,19.91,966.26
2026-09-09 20:45:04,19.48,966.33
2026-09-09 20:50:04,19.51,966.36
2026-09-09 20:55:04,19.71,966.31
2026-09-09 21:00:04,19.88,966.39
2026-09-09 21:05:04,19.89,966.42
2026-09-09 21:10:04,19.6,966.48
2026-09-09 21:15:04,19.59,966.58
2026-09-09 21:20:04,19.49,966.68
2026-09-09 21:25:04,19.68,966.72
2026-09-09 21:30:04,19.87,966.82
2026-09-09 21:35:04,20.0,966.86
2026-09-09 21:40:04,20.09,966.96
2026-09-09 21:45:04,20.33,967.06
2026-09-09 21:50:04,20.35,967.15
2026-09-09 21:55:04,20.35,967.29
2026-09-09 22:00:04,20.32,967.47
2026-09-09 22:05:04,20.2,967.55
2026-09-09 22:10:04,19.96,967.71
2026-09-09 22:15:04,19.76,967.99
2026-09-09 22:20:04,19.73,968.19
2026-09-09 22:28:27,19.3,968.36
2026-09-09 22:33:27,19.07,968.35
2026-09-09 22:38:27,18.82,968.57
2026-09-09 22:43:27,18.83,968.83
2026-09-09 22:48:27,18.91,968.93
2026-09-09 22:53:27,18.5,968.82
2026-09-09 22:58:27,18.85,969.02
2026-09-09 23:03:27,18.54,969.11
2026-09-09 23:08:27,18.0,969.1
2026-09-09 23:13:27,18.2,969.22
2026-09-09 23:18:27,18.06,969.21
2026-09-09 23:23:27,18.08,969.32
2026-09-09 23:28:27,17.86,969.06
2026-09-09 23:33:27,17.82,969.17
2026-09-09 23:38:27,18.07,969.3
2026-09-09 23:43:27,17.76,969.2
2026-09-09 23:48:27,17.39,969.22
2026-09-09 23:53:27,17.52,969.32
2026-09-09 23:58:27,17.44,969.41
2026-09-10 00:03:27,17.2,969.29
2026-09-10 00:08:27,17.31,969.37
2026-09-10 00:13:27,16.98,969.42
2026-09-10 00:18:27,17.03,969.62
2026-09-10 00:23:27,16.81,969.77
2026-09-10 00:28:27,16.42,969.81
2026-09-10 00:33:27,16.3,969.86
2026-09-10 00:38:27,16.14,969.6
2026-09-10 00:43:27,16.06,969.51
2026-09-10 00:48:27,16.12,969.77
2026-09-10 00:53:27,16.17,969.66
2026-09-10 00:58:27,15.93,969.79
2026-09-10 01:03:27,15.85,969.88
2026-09-10 01:08:27,15.68,969.86
2026-09-10 01:13:27,15.29,969.96
2026-09-10 01:18:27,15.19,970.05
2026-09-10 01:23:27,15.11,970.1
2026-09-10 01:28:27,15.1,970.15
2026-09-10 01:33:27,14.75,970.25
2026-09-10 01:38:27,14.15,970.47
2026-09-10 01:43:27,14.12,970.61
2026-09-10 01:48:27,13.93,970.81
2026-09-10 01:53:27,13.7,970.82
2026-09-10 01:58:27,13.21,970.81
2026-09-10 02:03:27,13.13,970.81
2026-09-10 02:08:27,12.87,970.96
2026-09-10 02:13:27,12.74,971.16
2026-09-10 02:18:27,12.59,971.12
2026-09-10 02:23:27,12.5,971.28
2026-09-10 02:28:27,12.51,971.28
2026-09-10 02:33:27,12.48,971.39
2026-09-10 02:38:27,12.17,971.46
2026-09-10 02:43:27,11.9,971.54
2026-09-10 02:48:27,11.82,971.62
2026-09-10 02:53:27,11.85,971.63
2026-09-10 02:58:27,11.76,971.78
2026-09-10 03:03:27,11.97,972.04
2026-09-10 03:08:27,11.73,972.08
2026-09-10 03:13:27,11.56,972.18
2026-09-10 03:18:27,11.66,972.14
2026-09-10 03:23:27,11.7,972.28
2026-09-10 03:28:27,11.68,972.38
2026-09-10 03:33:27,11.69,972.42
2026-09-10 03:38:27,11.67,972.44
2026-09-10 03:43:27,11.95,972.36
2026-09-10 03:48:27,11.62,972.46
2026-09-10 03:53:27,11.86,972.61
2026-09-10 03:58:27,12.07,972.45
2026-09-10 04:03:27,11.48,972.21
2026-09-10 04:08:27,11.66,972.27
2026-09-10 04:13:27,11.62,972.37
2026-09-10 04:18:27,11.83,972.41
2026-09-10 04:23:27,11.91,972.47
2026-09-10 04:28:27,12.08,972.41
2026-09-10 04:33:27,12.11,972.37
2026-09-10 04:38:27,12.02,972.53
2026-09-10 04:43:27,12.01,972.71
2026-09-10 04:48:27,11.96,972.76
2026-09-10 04:53:27,11.91,972.69
2026-09-10 04:58:27,11.9,972.6
2026-09-10 05:03:27,12.05,972.62
2026-09-10 05:08:27,12.07,972.66
2026-09-10 05:13:27,12.08,972.69
2026-09-10 05:18:27,12.12,972.73
2026-09-10 05:23:27,11.99,972.71
2026-09-10 05:28:27,11.64,972.67
2026-09-10 05:33:27,11.88,972.61
2026-09-10 05:38:27,11.91,972.61
2026-09-10 05:43:27,12.07,972.7
2026-09-10 05:48:27,12.2,972.79
2026-09-10 05:53:27,12.18,972.84
2026-09-10 05:58:27,12.05,972.93
2026-09-10 06:03:27,12.24,972.85
2026-09-10 06:08:27,12.17,972.9
2026-09-10 06:13:27,12.19,972.91
2026-09-10 06:18:27,12.2,972.91
2026-09-10 06:23:27,12.24,972.78
2026-09-10 06:28:27,12.18,972.79
2026-09-10 06:33:27,12.09,972.88
2026-09-10 06:38:27,12.24,972.9
2026-09-10 06:43:27,12.36,972.9
2026-09-10 06:48:27,12.32,972.95
2026-09-10 06:53:27,12.36,972.97
2026-09-10 06:58:27,12.38,972.87
2026-09-10 07:03:27,12.44,973.01
2026-09-10 07:08:27,12.42,973.0
2026-09-10 07:13:27,12.45,972.96
2026-09-10 07:18:27,12.49,973.03
2026-09-10 07:23:27,12.56,973.14
2026-09-10 07:28:27,12.64,973.23
2026-09-10 07:33:27,12.77,973.26
2026-09-10 07:38:27,12.79,973.28
2026-09-10 07:43:27,12.78,973.32
2026-09-10 07:48:27,12.85,973.41
2026-09-10 07:53:27,12.91,973.44
2026-09-10 07:58:27,12.86,973.43
2026-09-10 08:03:27,13.0,973.51
2026-09-10 08:08:27,13.12,973.63
2026-09-10 08:13:27,13.32,973.67
2026-09-10 08:18:27,13.59,973.81
2026-09-10 08:23:27,13.68,973.76
2026-09-10 08:28:27,13.85,973.79
2026-09-10 08:33:27,13.98,973.76
2026-09-10 08:38:27,14.51,973.79
2026-09-10 08:43:27,14.71,973.88
2026-09-10 08:48:27,14.67,973.96
2026-09-10 08:53:27,14.36,974.01
2026-09-10 08:58:27,13.85,973.94
2026-09-10 09:03:27,13.66,974.03
2026-09-10 09:08:27,13.69,973.97
2026-09-10 09:13:27,14.16,973.87
2026-09-10 09:18:27,14.5,973.93
2026-09-10 09:23:27,14.65,973.98
2026-09-10 09:28:27,14.05,974.17
2026-09-10 09:33:27,14.33,974.24
2026-09-10 09:38:27,14.91,974.28
2026-09-10 09:43:27,15.22,974.15
2026-09-10 09:48:27,14.23,974.2
2026-09-10 09:53:27,13.7,974.46
2026-09-10 09:58:27,14.16,974.61
2026-09-10 10:03:27,15.3,974.49
2026-09-10 10:08:27,15.96,974.37
2026-09-10 10:13:27,14.87,974.35
2026-09-10 10:18:27,14.72,974.33
2026-09-10 10:23:27,15.48,974.27
2026-09-10 10:28:27,14.78,974.33
2026-09-10 10:33:27,14.2,974.4
2026-09-10 10:38:27,14.84,974.54
2026-09-10 10:43:27,15.14,974.51
2026-09-10 10:48:27,15.48,974.66
2026-09-10 10:53:27,16.56,974.72
2026-09-10 10:58:27,17.34,974.81
2026-09-10 11:03:27,18.11,974.71
2026-09-10 11:08:27,17.27,974.86
2026-09-10 11:13:27,15.61,974.83
2026-09-10 11:18:27,16.47,974.88
2026-09-10 11:23:27,16.85,974.89
2026-09-10 11:28:27,18.04,975.0
2026-09-10 11:33:27,17.6,975.11
2026-09-10 11:38:27,18.7,975.12
2026-09-10 11:43:27,19.42,975.07
2026-09-10 11:48:27,19.87,975.26
2026-09-10 11:53:27,19.57,975.35
2026-09-10 11:58:27,19.83,975.43
2026-09-10 12:03:27,18.44,975.44
2026-09-10 12:08:27,18.63,975.48
2026-09-10 12:13:27,19.35,975.46
2026-09-10 12:18:27,18.76,975.55
2026-09-10 12:23:27,17.78,975.71
2026-09-10 12:28:27,19.09,975.66
2026-09-10 12:33:27,18.38,975.69
2026-09-10 12:38:27,18.54,975.74
2026-09-10 12:43:27,18.21,975.7
2026-09-10 12:48:27,19.15,975.78
2026-09-10 12:53:27,19.67,975.85
2026-09-10 12:58:27,20.09,975.83
2026-09-10 13:03:27,19.74,975.93
2026-09-10 13:08:27,19.7,975.91
2026-09-10 13:13:27,19.9,975.96
2026-09-10 13:18:27,19.02,976.01
2026-09-10 13:23:27,19.85,975.98
2026-09-10 13:28:27,19.93,975.98
2026-09-10 13:33:27,19.35,976.08
2026-09-10 13:38:27,18.36,976.15
2026-09-10 13:43:27,17.27,976.2
2026-09-10 13:48:27,17.89,976.17
2026-09-10 13:53:27,18.59,976.06
2026-09-10 13:58:27,18.63,975.99
2026-09-10 14:03:27,18.77,976.01
2026-09-10 14:08:27,19.01,976.05
2026-09-10 14:13:27,19.01,976.05
2026-09-10 14:18:27,18.59,976.04
2026-09-10 14:23:27,18.69,975.96
2026-09-10 14:28:27,19.41,975.92
2026-09-10 14:33:27,18.49,975.86
2026-09-10 14:38:27,18.27,975.83
2026-09-10 14:43:27,18.02,975.91
2026-09-10 14:48:27,17.9,975.76
2026-09-10 14:53:27,17.54,975.69
2026-09-10 14:58:27,17.18,975.66
2026-09-10 15:03:27,18.32,975.63
2026-09-10 15:08:27,16.66,975.74
2026-09-10 15:13:27,16.44,975.65
2026-09-10 15:18:27,16.65,975.6
2026-09-10 15:23:27,16.27,975.65
2026-09-10 15:28:27,16.55,975.64
2026-09-10 15:33:27,17.27,975.63
2026-09-10 15:38:27,17.66,975.55
2026-09-10 15:43:27,18.25,975.55
2026-09-10 15:48:27,18.13,975.55
2026-09-10 15:53:27,18.43,975.56
2026-09-10 15:58:27,17.74,975.72
2026-09-10 16:03:27,18.2,975.82
2026-09-10 16:08:27,18.83,975.99
2026-09-10 16:13:27,18.53,976.13
2026-09-10 16:18:27,18.56,976.14
2026-09-10 16:23:27,18.85,976.19
2026-09-10 16:28:27,18.09,976.28
2026-09-10 16:33:27,16.73,976.11
2026-09-10 16:38:27,16.3,976.07
2026-09-10 16:43:27,16.74,976.1
2026-09-10 16:48:27,16.37,976.11
2026-09-10 16:53:27,16.38,975.91
2026-09-10 16:58:27,16.46,975.87
2026-09-10 17:03:27,16.68,975.88
2026-09-10 17:08:27,16.32,975.67
2026-09-10 17:13:27,16.04,975.66
2026-09-10 17:18:27,15.94,975.73
2026-09-10 17:23:27,16.33,975.72
2026-09-10 17:28:27,16.67,975.79
2026-09-10 17:33:27,16.97,975.79
2026-09-10 17:38:27,16.95,975.89
2026-09-10 17:43:27,16.55,975.93
2026-09-10 17:48:27,16.55,975.98
2026-09-10 17:53:27,16.48,976.0
2026-09-10 17:58:27,16.52,975.99
2026-09-10 18:03:27,16.11,976.05
2026-09-10 18:08:27,16.25,976.01
2026-09-10 18:13:27,16.2,976.02
2026-09-10 18:18:27,16.08,975.86
2026-09-10 18:23:27,15.94,975.92
2026-09-10 18:28:27,15.77,975.93
2026-09-10 18:33:27,15.57,975.91
2026-09-10 18:38:27,15.49,975.92
2026-09-10 18:43:27,15.38,975.9
2026-09-10 18:48:27,15.17,975.86
2026-09-10 18:53:27,14.99,975.98
2026-09-10 18:58:27,14.96,975.92
2026-09-10 19:03:27,14.8,976.03
2026-09-10 19:08:27,14.67,976.04
2026-09-10 19:13:27,14.51,976.1
2026-09-10 19:18:27,14.4,975.99
2026-09-10 19:23:27,14.36,976.04
2026-09-10 19:28:27,14.26,976.02
2026-09-10 19:33:27,14.19,976.03
2026-09-10 19:38:27,14.1,976.15
2026-09-10 19:43:27,14.03,976.25
2026-09-10 19:48:27,14.02,976.34
2026-09-10 19:53:27,13.99,976.4
2026-09-10 19:58:27,13.95,976.5
2026-09-10 20:03:27,13.93,976.51
2026-09-10 20:08:27,13.9,976.53
2026-09-10 20:13:27,13.8,976.56
2026-09-10 20:18:27,13.73,976.63
2026-09-10 20:23:27,13.57,976.67
2026-09-10 20:28:27,13.58,976.69
2026-09-10 20:33:27,13.6,976.76
2026-09-10 20:38:27,13.7,976.85
2026-09-10 20:43:27,13.68,976.85
2026-09-10 20:48:27,13.65,976.89
2026-09-10 20:53:27,13.61,976.9
2026-09-10 20:58:27,13.52,976.98
2026-09-10 21:03:27,13.48,976.95
2026-09-10 21:08:27,13.58,976.9
2026-09-10 21:13:27,13.65,976.9
2026-09-10 21:18:27,13.71,976.89
2026-09-10 21:23:27,13.69,976.93
2026-09-10 21:28:27,13.8,976.9
2026-09-10 21:33:27,13.8,976.84
2026-09-10 21:38:27,13.78,976.94
2026-09-10 21:43:27,13.68,977.05
2026-09-10 21:48:27,13.71,977.07
2026-09-10 21:53:27,13.72,977.16
2026-09-10 21:58:27,13.82,977.27
2026-09-10 22:03:27,13.82,977.28
2026-09-10 22:08:27,13.61,977.34
2026-09-10 22:13:27,13.48,977.4
2026-09-10 22:18:27,13.3,977.46
2026-09-10 22:23:27,13.25,977.49
2026-09-10 22:28:27,13.18,977.53
2026-09-10 22:33:27,13.16,977.47
2026-09-10 22:38:27,12.98,977.62
2026-09-10 22:43:27,12.74,977.67
2026-09-10 22:48:27,12.53,977.87
2026-09-10 22:53:27,12.32,977.99
2026-09-10 22:58:27,12.1,977.91
2026-09-10 23:03:27,11.96,977.8
2026-09-10 23:08:27,11.84,977.83
2026-09-10 23:13:27,11.84,977.8
2026-09-10 23:18:27,11.7,977.82
2026-09-10 23:23:27,11.72,977.75
2026-09-10 23:28:27,11.61,977.82
2026-09-10 23:33:27,11.5,977.77
2026-09-10 23:38:27,11.32,977.78
2026-09-10 23:43:27,11.25,977.83
2026-09-10 23:48:27,11.12,977.82
2026-09-10 23:53:27,11.04,977.86
2026-09-10 23:58:27,10.99,977.89
2026-09-11 00:03:27,10.95,977.85
2026-09-11 00:08:27,10.88,977.79
2026-09-11 00:13:27,10.84,977.76
2026-09-11 00:18:27,10.78,977.76
2026-09-11 00:23:27,10.74,977.71
2026-09-11 00:28:27,10.73,977.67
2026-09-11 00:33:27,10.7,977.58
2026-09-11 00:38:27,10.6,977.55
2026-09-11 00:43:27,10.53,977.56
2026-09-11 00:48:27,10.5,977.61
2026-09-11 00:53:27,10.47,977.59
2026-09-11 00:58:27,10.46,977.55
2026-09-11 01:03:27,10.52,977.6
2026-09-11 01:08:27,10.54,977.64
2026-09-11 01:13:27,10.71,977.77
2026-09-11 01:18:27,10.92,977.72
2026-09-11 01:23:27,11.12,977.77
2026-09-11 01:28:27,11.32,977.8
2026-09-11 01:33:27,11.43,977.8
2026-09-11 01:38:27,11.51,977.77
2026-09-11 01:43:27,11.55,977.73
2026-09-11 01:48:27,11.5,977.72
2026-09-11 01:53:27,11.44,977.67
2026-09-11 01:58:27,11.38,977.64
2026-09-11 02:03:27,11.3,977.63
2026-09-11 02:08:27,11.26,977.54
2026-09-11 02:13:27,11.26,977.51
2026-09-11 02:18:27,11.31,977.54
2026-09-11 02:23:27,11.35,977.39
2026-09-11 02:28:27,11.41,977.41
2026-09-11 02:33:27,11.44,977.29
2026-09-11 02:38:27,11.51,977.4
2026-09-11 02:43:27,11.6,977.38
2026-09-11 02:48:27,11.83,977.29
2026-09-11 02:53:27,11.93,977.22
2026-09-11 02:58:27,11.99,977.22
2026-09-11 03:03:27,12.1,977.26
2026-09-11 03:08:27,12.14,977.25
2026-09-11 03:13:27,12.15,977.21
2026-09-11 03:18:27,12.07,977.14
2026-09-11 03:23:27,12.14,977.11
2026-09-11 03:28:27,12.24,977.11
2026-09-11 03:33:27,12.29,977.08
2026-09-11 03:38:27,12.29,977.0
2026-09-11 03:43:27,12.24,976.95
2026-09-11 03:48:27,12.26,976.87
2026-09-11 03:53:27,12.25,976.89
2026-09-11 03:58:27,12.33,976.81
2026-09-11 04:03:27,12.3,976.82
2026-09-11 04:08:27,12.27,976.67
2026-09-11 04:13:27,12.18,976.61
2026-09-11 04:18:27,12.27,976.69
2026-09-11 04:23:27,12.39,976.67
2026-09-11 04:28:27,12.43,976.59
2026-09-11 04:33:27,12.39,976.68
2026-09-11 04:38:27,12.43,976.68
2026-09-11 04:43:27,12.44,976.65
2026-09-11 04:48:27,12.46,976.61
2026-09-11 04:53:27,12.5,976.67
2026-09-11 04:58:27,12.48,976.72
2026-09-11 05:03:27,12.56,976.61
2026-09-11 05:08:27,12.58,976.68
2026-09-11 05:13:27,12.62,976.75
2026-09-11 05:18:27,12.68,976.64
2026-09-11 05:23:27,12.7,976.62
2026-09-11 05:28:27,12.73,976.53
2026-09-11 05:33:27,12.72,976.47
2026-09-11 05:38:27,12.72,976.44
2026-09-11 05:43:27,12.72,976.37
2026-09-11 05:48:27,12.73,976.3
2026-09-11 05:53:27,12.74,976.24
2026-09-11 05:58:27,12.64,976.22
2026-09-11 06:03:27,12.6,976.15
2026-09-11 06:08:27,12.62,976.17
2026-09-11 06:13:27,12.66,976.25
2026-09-11 06:18:27,12.66,976.26
2026-09-11 06:23:27,12.62,976.27
2026-09-11 06:28:27,12.64,976.26
2026-09-11 06:33:27,12.64,976.37
2026-09-11 06:38:27,12.7,976.34
2026-09-11 06:43:27,12.68,976.27
2026-09-11 06:48:27,12.61,976.33
2026-09-11 06:53:27,12.55,976.37
2026-09-11 06:58:27,12.44,976.33
2026-09-11 07:03:27,12.27,976.36
2026-09-11 07:08:27,11.94,976.42
2026-09-11 07:13:27,12.02,976.43
2026-09-11 07:18:27,11.91,976.45
2026-09-11 07:23:27,11.58,976.44
2026-09-11 07:28:27,11.28,976.54
2026-09-11 07:33:27,11.42,976.55
2026-09-11 07:38:27,11.31,976.56
2026-09-11 07:43:27,11.31,976.6
2026-09-11 07:48:27,11.26,976.62
2026-09-11 07:53:27,11.25,976.63
2026-09-11 07:58:27,11.28,976.71
2026-09-11 08:03:27,11.2,976.7
2026-09-11 08:08:27,11.28,976.76
2026-09-11 08:13:27,11.28,976.79
2026-09-11 08:18:27,11.32,976.8
2026-09-11 08:23:27,11.72,976.92
2026-09-11 08:28:27,11.7,976.98
2026-09-11 08:33:27,11.48,976.98
2026-09-11 08:38:27,11.28,976.91
2026-09-11 08:43:27,11.14,977.0
2026-09-11 08:48:27,11.0,977.02
2026-09-11 08:53:27,11.25,976.96
2026-09-11 08:58:27,11.0,977.03
2026-09-11 09:03:27,11.2,977.03
2026-09-11 09:08:27,10.81,977.06
2026-09-11 09:13:27,10.74,977.04
2026-09-11 09:18:27,10.69,977.06
2026-09-11 09:23:27,10.83,977.05
2026-09-11 09:28:27,10.56,977.07
2026-09-11 09:33:27,10.62,977.08
2026-09-11 09:38:27,10.71,977.03
2026-09-11 09:43:27,10.79,977.05
2026-09-11 09:48:27,10.69,977.16
2026-09-11 09:53:27,10.73,977.16
2026-09-11 09:58:27,10.63,977.17
2026-09-11 10:03:27,10.66,977.23
2026-09-11 10:08:27,10.54,977.28
2026-09-11 10:13:27,10.52,977.28
2026-09-11 10:18:27,10.49,977.33
2026-09-11 10:23:27,10.54,977.26
2026-09-11 10:28:27,10.55,977.27
2026-09-11 10:33:27,10.33,977.29
2026-09-11 10:38:27,10.28,977.22
2026-09-11 10:43:27,10.2,977.3
2026-09-11 10:48:27,9.89,977.29
2026-09-11 10:53:27,9.74,977.26
2026-09-11 10:58:27,9.96,977.22
2026-09-11 11:03:27,9.76,977.26
2026-09-11 11:08:27,10.0,977.18
2026-09-11 11:13:27,9.89,977.2
2026-09-11 11:18:27,9.9,977.18
2026-09-11 11:23:27,9.93,977.27
2026-09-11 11:28:27,9.89,977.23
2026-09-11 11:33:27,10.01,977.12
2026-09-11 11:38:27,10.04,977.04
2026-09-11 11:43:27,10.05,977.04
2026-09-11 11:48:27,10.08,977.09
2026-09-11 11:53:27,10.08,977.21
2026-09-11 11:58:27,9.97,977.23
2026-09-11 12:03:27,10.08,977.14
2026-09-11 12:08:27,10.42,977.2
2026-09-11 12:13:27,10.62,977.14
2026-09-11 12:18:27,10.34,977.12
2026-09-11 12:23:27,10.58,977.11
2026-09-11 12:28:27,10.11,977.12
2026-09-11 12:33:27,9.98,977.14
2026-09-11 12:38:27,10.05,977.15
2026-09-11 12:43:27,9.85,977.24
2026-09-11 12:48:27,9.86,977.2
2026-09-11 12:53:27,10.38,977.1
2026-09-11 12:58:27,10.44,977.15
2026-09-11 13:03:27,10.39,977.21
2026-09-11 13:08:27,10.27,977.23
2026-09-11 13:13:27,10.31,977.24
2026-09-11 13:18:27,10.59,977.27
2026-09-11 13:23:27,10.32,977.18
2026-09-11 13:28:27,10.25,977.12
2026-09-11 13:33:27,10.23,977.02
2026-09-11 13:38:27,10.28,977.01
2026-09-11 13:43:27,10.02,976.91
2026-09-11 13:48:27,10.3,976.92
2026-09-11 13:53:27,10.54,976.94
2026-09-11 13:58:27,10.41,976.97
2026-09-11 14:03:27,10.8,976.88
2026-09-11 14:08:27,10.73,976.93
2026-09-11 14:13:27,10.73,976.7
2026-09-11 14:18:27,10.88,976.59
2026-09-11 14:23:27,10.9,976.72
2026-09-11 14:28:27,11.03,976.79
2026-09-11 14:33:27,10.86,976.78
2026-09-11 14:38:27,10.6,976.82
2026-09-11 14:43:27,10.26,976.87
2026-09-11 14:48:27,10.32,976.82
2026-09-11 14:53:27,10.22,976.84
2026-09-11 14:58:27,10.24,976.78
2026-09-11 15:03:27,9.6,976.83
2026-09-11 15:08:27,9.58,976.77
2026-09-11 15:13:27,9.67,976.88
2026-09-11 15:18:27,9.6,977.07
2026-09-11 15:23:27,9.48,977.08
2026-09-11 15:28:27,9.85,977.06
2026-09-11 15:33:27,9.89,977.07
2026-09-11 15:38:27,9.88,977.12
2026-09-11 15:43:27,10.16,977.1
2026-09-11 15:48:27,9.91,977.1
2026-09-11 15:53:27,9.82,977.07
2026-09-11 15:58:27,10.18,976.98
2026-09-11 16:03:27,10.0,976.96
2026-09-11 16:08:27,10.13,976.98
2026-09-11 16:13:27,10.03,976.95
2026-09-11 16:18:27,10.12,976.96
2026-09-11 16:23:27,10.31,976.94
2026-09-11 16:28:27,10.27,977.04
2026-09-11 16:33:27,9.77,977.11
2026-09-11 16:38:27,9.55,977.24
2026-09-11 16:43:27,9.74,977.27
2026-09-11 16:48:27,10.12,977.18
2026-09-11 16:53:27,10.28,977.19
2026-09-11 16:58:27,9.81,977.33
2026-09-11 17:03:27,9.73,977.37
2026-09-11 17:08:27,9.83,977.5
2026-09-11 17:13:27,10.09,977.42
2026-09-11 17:18:27,10.11,977.44
2026-09-11 17:23:27,9.88,977.48
2026-09-11 17:28:27,9.75,977.55
2026-09-11 17:33:27,9.75,977.65
2026-09-11 17:38:27,9.7,977.66
2026-09-11 17:43:27,9.4,977.73
2026-09-11 17:48:27,9.44,977.72
2026-09-11 17:53:27,9.38,977.68
2026-09-11 17:58:27,9.24,977.73
2026-09-11 18:03:27,9.3,977.78
2026-09-11 18:08:27,9.15,977.79
2026-09-11 18:13:27,9.05,977.75
2026-09-11 18:18:27,9.17,977.76
2026-09-11 18:23:27,9.22,977.78
2026-09-11 18:28:28,9.37,977.74
2026-09-11 18:33:28,9.4,977.86
2026-09-11 18:38:28,9.59,977.83
2026-09-11 18:43:28,9.59,977.84
2026-09-11 18:48:28,9.48,977.98
2026-09-11 18:53:28,9.01,977.99
2026-09-11 18:58:28,9.07,978.08
2026-09-11 19:03:28,9.02,978.1
2026-09-11 19:08:28,9.06,978.1
2026-09-11 19:13:28,9.13,978.24
2026-09-11 19:18:28,9.05,978.15
2026-09-11 19:23:28,9.01,978.16
2026-09-11 19:28:28,9.15,978.31
2026-09-11 19:33:28,9.41,978.28
2026-09-11 19:38:28,9.48,978.34
2026-09-11 19:43:28,9.62,978.42
2026-09-11 19:48:28,9.65,978.49
2026-09-11 19:53:28,9.59,978.51
2026-09-11 19:58:28,9.36,978.5
2026-09-11 20:03:28,9.36,978.47
2026-09-11 20:08:28,9.36,978.5
2026-09-11 20:13:28,9.43,978.54
2026-09-11 20:18:28,9.48,978.62
2026-09-11 20:23:28,9.39,978.62
2026-09-11 20:28:28,9.3,978.68
2026-09-11 20:33:28,9.21,978.78
2026-09-11 20:38:28,9.18,978.9
2026-09-11 20:43:28,9.21,978.93
2026-09-11 20:48:28,9.09,978.99
2026-09-11 20:53:28,9.33,978.98
2026-09-11 20:58:28,9.51,979.04
2026-09-11 21:03:28,9.34,979.1
2026-09-11 21:08:28,9.25,979.11
2026-09-11 21:13:28,9.33,979.02
2026-09-11 21:18:28,9.18,979.05
2026-09-11 21:23:28,9.11,979.02
2026-09-11 21:28:28,9.29,979.0
2026-09-11 21:33:28,9.12,979.12
2026-09-11 21:38:28,9.34,979.08
2026-09-11 21:43:28,9.14,979.16
2026-09-11 21:48:28,9.22,979.13
2026-09-11 21:53:28,9.36,979.14
2026-09-11 21:58:28,9.18,979.16
2026-09-11 22:03:28,9.12,979.16
2026-09-11 22:08:28,9.1,979.12
2026-09-11 22:13:28,9.0,979.11
2026-09-11 22:18:28,8.97,979.1
2026-09-11 22:23:28,9.28,979.08
2026-09-11 22:28:28,9.23,979.03
2026-09-11 22:33:28,9.4,979.04
2026-09-11 22:38:28,9.27,979.2
2026-09-11 22:43:28,9.15,979.29
2026-09-11 22:48:28,9.1,979.3
2026-09-11 22:53:28,9.26,979.38
2026-09-11 22:58:28,9.43,979.37
2026-09-11 23:03:28,9.5,979.32
2026-09-11 23:08:28,9.51,979.35
2026-09-11 23:13:28,9.45,979.4
2026-09-11 23:18:28,9.31,979.48
2026-09-11 23:23:28,9.13,979.59
2026-09-11 23:28:28,9.09,979.52
2026-09-11 23:33:28,9.11,979.54
2026-09-11 23:38:28,9.0,979.62
2026-09-11 23:43:28,8.94,979.67
2026-09-11 23:48:28,9.13,979.72
2026-09-11 23:53:28,8.96,979.74
2026-09-11 23:58:28,9.22,979.7
2026-09-12 00:03:28,9.39,979.61
2026-09-12 00:08:28,9.1,979.65
2026-09-12 00:13:28,9.24,979.73
2026-09-12 00:18:28,9.22,979.75
2026-09-12 00:23:28,9.11,979.8
2026-09-12 00:28:28,9.18,979.71
2026-09-12 00:33:28,9.55,979.7
2026-09-12 00:38:28,9.3,979.81
2026-09-12 00:43:28,9.18,979.79
2026-09-12 00:48:28,9.24,979.75
2026-09-12 00:53:28,9.05,979.8
2026-09-12 00:58:28,9.26,979.87
2026-09-12 01:03:28,9.34,979.87
2026-09-12 01:08:28,9.29,979.91
2026-09-12 01:13:28,9.19,979.91
2026-09-12 01:18:28,9.08,979.9
2026-09-12 01:23:28,9.13,979.94
2026-09-12 01:28:28,9.42,979.94
2026-09-12 01:33:28,9.19,979.99
2026-09-12 01:38:28,9.22,979.91
2026-09-12 01:43:28,9.33,979.91
2026-09-12 01:48:28,9.59,979.83
2026-09-12 01:53:28,9.66,979.85
2026-09-12 01:58:28,9.63,979.83
2026-09-12 02:03:28,9.83,979.73
2026-09-12 02:08:28,9.9,979.73
2026-09-12 02:13:28,9.77,979.73
2026-09-12 02:18:28,9.62,979.82
2026-09-12 02:23:28,9.89,979.8
2026-09-12 02:28:28,9.77,979.85
2026-09-12 02:33:28,9.65,979.92
2026-09-12 02:38:28,9.67,979.99
2026-09-12 02:43:28,9.72,979.92
2026-09-12 02:48:28,9.55,979.92
2026-09-12 02:53:28,9.68,979.92
2026-09-12 02:58:28,9.55,979.96
2026-09-12 03:03:28,9.54,980.04
2026-09-12 03:08:28,9.53,980.05
2026-09-12 03:13:28,9.39,980.02
2026-09-12 03:18:28,9.59,980.03
2026-09-12 03:23:28,9.53,980.01
2026-09-12 03:28:28,9.37,979.98
2026-09-12 03:33:28,9.43,980.04
2026-09-12 03:38:28,9.53,980.1
2026-09-12 03:43:28,9.67,980.04
2026-09-12 03:48:28,9.78,980.0
2026-09-12 03:53:28,9.59,980.12
2026-09-12 03:58:28,9.76,980.06
2026-09-12 04:03:28,9.76,980.09
2026-09-12 04:08:28,9.49,980.15
2026-09-12 04:13:28,9.53,980.17
2026-09-12 04:18:28,9.39,980.15
2026-09-12 04:23:28,9.33,980.12
2026-09-12 04:28:28,9.48,980.17
2026-09-12 04:33:28,9.62,980.07
2026-09-12 04:38:28,9.32,980.2
2026-09-12 04:43:28,9.28,980.21
2026-09-12 04:48:28,9.46,980.21
2026-09-12 04:53:28,9.57,980.23
2026-09-12 04:58:28,9.36,980.24
2026-09-12 05:03:28,9.52,980.32
2026-09-12 05:08:28,9.47,980.31
2026-09-12 05:13:28,9.61,980.3
2026-09-12 05:18:28,9.37,980.3
2026-09-12 05:23:28,9.65,980.24
2026-09-12 05:28:28,9.81,980.2
2026-09-12 05:33:28,9.84,980.23
2026-09-12 05:38:28,9.9,980.28
2026-09-12 05:43:28,9.72,980.28
2026-09-12 05:48:28,9.64,980.41
2026-09-12 05:53:28,9.62,980.45
2026-09-12 05:58:28,9.65,980.4
2026-09-12 06:03:28,9.66,980.33
2026-09-12 06:08:28,9.41,980.34
2026-09-12 06:13:28,9.48,980.41
2026-09-12 06:18:28,9.64,980.37
2026-09-12 06:23:28,9.61,980.47
2026-09-12 06:28:28,9.81,980.4
2026-09-12 06:33:28,9.56,980.42
2026-09-12 06:38:28,9.59,980.48
2026-09-12 06:43:28,9.55,980.49
2026-09-12 06:48:28,9.41,980.5
2026-09-12 06:53:28,9.5,980.59
2026-09-12 06:58:28,9.67,980.65
2026-09-12 07:03:28,9.57,980.71
2026-09-12 07:08:28,9.74,980.63
2026-09-12 07:13:28,9.81,980.66
2026-09-12 07:18:28,9.97,980.6
2026-09-12 07:23:28,10.01,980.61
2026-09-12 07:28:28,10.07,980.63
2026-09-12 07:33:28,10.24,980.61
2026-09-12 07:38:28,10.12,980.65
2026-09-12 07:43:28,10.18,980.62
2026-09-12 07:48:28,10.15,980.63
2026-09-12 07:53:28,10.04,980.63
2026-09-12 07:58:28,9.95,980.65
2026-09-12 08:03:28,9.85,980.74
2026-09-12 08:08:28,9.98,980.75
2026-09-12 08:13:28,9.77,980.77
2026-09-12 08:18:28,9.94,980.81
2026-09-12 08:23:28,9.77,980.83
2026-09-12 08:28:28,9.81,980.88
2026-09-12 08:33:28,10.0,980.94
2026-09-12 08:38:28,10.26,980.85
2026-09-12 08:43:28,10.63,980.86
2026-09-12 08:48:28,10.96,980.82
2026-09-12 08:53:28,11.8,980.81
2026-09-12 08:58:28,11.83,980.91
2026-09-12 09:03:28,11.44,981.03
2026-09-12 09:08:28,11.61,981.04
2026-09-12 09:13:28,11.57,981.12
2026-09-12 09:18:28,11.78,981.17
2026-09-12 09:23:28,11.38,981.2
2026-09-12 09:28:28,12.04,981.18
2026-09-12 09:33:28,12.79,981.16
2026-09-12 09:38:28,13.18,981.17
2026-09-12 09:43:28,13.29,981.2
2026-09-12 09:48:28,13.63,981.31
2026-09-12 09:53:28,14.16,981.25
2026-09-12 09:58:28,14.39,981.26
2026-09-12 10:03:28,14.27,981.23
2026-09-12 10:08:28,14.2,981.26
2026-09-12 10:13:28,14.21,981.21
2026-09-12 10:18:28,14.15,981.24
2026-09-12 10:23:28,14.13,981.2
2026-09-12 10:28:28,14.01,981.24
2026-09-12 10:33:28,14.31,981.25
2026-09-12 10:38:28,14.28,981.22
2026-09-12 10:43:28,14.04,981.18
2026-09-12 10:48:28,13.9,981.2
2026-09-12 10:53:28,14.19,981.16
2026-09-12 10:58:28,14.16,981.13
2026-09-12 11:03:28,14.52,981.17
2026-09-12 11:08:28,14.31,981.18
2026-09-12 11:13:28,14.27,981.17
2026-09-12 11:18:28,15.45,981.09
2026-09-12 11:23:28,14.78,981.12
2026-09-12 11:28:28,14.6,981.1
2026-09-12 11:33:28,14.03,981.12
2026-09-12 11:38:28,14.61,981.07
2026-09-12 11:43:28,14.04,981.07
2026-09-12 11:48:28,14.51,981.07
2026-09-12 11:53:28,14.37,981.1
2026-09-12 11:58:28,14.16,981.07
2026-09-12 12:03:28,13.9,981.07
2026-09-12 12:08:28,13.88,981.0
2026-09-12 12:13:28,14.36,981.07
2026-09-12 12:18:28,14.46,981.07
2026-09-12 12:23:28,14.73,981.02
2026-09-12 12:28:28,15.05,980.93
2026-09-12 12:33:28,15.12,980.82
2026-09-12 12:38:28,15.44,980.88
2026-09-12 12:43:28,14.97,980.97
2026-09-12 12:48:28,14.49,980.93
2026-09-12 12:53:28,14.23,980.94
2026-09-12 12:58:28,14.76,980.81
2026-09-12 13:03:28,15.34,980.73
2026-09-12 13:08:28,13.49,980.83
2026-09-12 13:13:28,14.65,980.74
2026-09-12 13:18:28,15.76,980.71
2026-09-12 13:23:28,16.4,980.72
2026-09-12 13:28:28,16.04,980.63
2026-09-12 13:33:28,16.02,980.6
2026-09-12 13:38:28,16.15,980.59
2026-09-12 13:43:28,16.39,980.56
2026-09-12 13:48:28,15.76,980.55
2026-09-12 13:53:28,16.13,980.42
2026-09-12 13:58:28,16.7,980.43
2026-09-12 14:03:28,17.77,980.41
2026-09-12 14:08:28,19.01,980.43
2026-09-12 14:13:28,18.63,980.38
2026-09-12 14:18:28,18.95,980.3
2026-09-12 14:23:28,17.26,980.38
2026-09-12 14:28:28,16.36,980.43
2026-09-12 14:33:28,16.34,980.39
2026-09-12 14:38:28,15.81,980.41
2026-09-12 14:43:28,14.86,980.32
2026-09-12 14:48:28,15.88,980.34
2026-09-12 14:53:28,16.36,980.28
2026-09-12 14:58:28,15.95,980.28
2026-09-12 15:03:28,15.86,980.22
2026-09-12 15:08:28,16.56,980.24
2026-09-12 15:13:28,16.28,980.15
2026-09-12 15:18:28,17.24,980.13
2026-09-12 15:23:28,17.01,980.13
2026-09-12 15:28:28,15.93,980.08
2026-09-12 15:33:28,16.13,980.09
2026-09-12 15:38:28,16.0,980.09
2026-09-12 15:43:28,16.46,979.96
2026-09-12 15:48:28,17.27,979.97
2026-09-12 15:53:28,18.06,979.95
2026-09-12 15:58:28,17.33,979.92
2026-09-12 16:03:28,16.17,979.97
2026-09-12 16:08:28,16.89,979.87
2026-09-12 16:13:28,16.66,979.9
2026-09-12 16:18:28,16.68,979.87
2026-09-12 16:23:28,16.32,979.87
2026-09-12 16:28:28,16.09,979.85
2026-09-12 16:33:28,15.89,979.84
2026-09-12 16:38:28,15.46,979.83
2026-09-12 16:43:28,15.64,979.86
2026-09-12 16:48:28,15.61,979.89
2026-09-12 16:53:28,15.3,979.9
2026-09-12 16:58:28,15.35,979.87
2026-09-12 17:03:28,14.66,979.88
2026-09-12 17:08:28,14.75,979.9
2026-09-12 17:13:28,14.77,979.95
2026-09-12 17:18:28,14.95,980.02
2026-09-12 17:23:28,14.78,980.04
2026-09-12 17:28:28,14.75,980.07
2026-09-12 17:33:28,14.62,980.05
2026-09-12 17:38:28,14.5,980.08
2026-09-12 17:43:28,14.24,980.09
2026-09-12 17:48:28,14.27,980.09
2026-09-12 17:53:28,14.21,980.06
2026-09-12 17:58:28,14.21,980.02
2026-09-12 18:03:28,14.23,980.04
2026-09-12 18:08:28,14.14,980.04
2026-09-12 18:13:28,13.96,980.1
2026-09-12 18:18:28,13.78,980.06
2026-09-12 18:23:28,13.53,980.14
2026-09-12 18:28:28,13.34,980.14
2026-09-12 18:33:28,13.22,980.16
2026-09-12 18:38:28,13.07,980.19
2026-09-12 18:43:28,13.01,980.23
2026-09-12 18:48:28,12.92,980.19
2026-09-12 18:53:28,12.72,980.19
2026-09-12 18:58:28,12.59,980.23
2026-09-12 19:03:28,12.43,980.28
2026-09-12 19:08:28,12.16,980.28
2026-09-12 19:13:28,11.94,980.27
2026-09-12 19:18:28,11.8,980.32
2026-09-12 19:23:28,11.7,980.35
2026-09-12 19:28:28,11.63,980.34
2026-09-12 19:33:28,11.54,980.34
2026-09-12 19:38:28,11.38,980.35
2026-09-12 19:43:28,11.3,980.39
2026-09-12 19:48:28,11.2,980.46
2026-09-12 19:53:28,11.09,980.44
2026-09-12 19:58:28,11.05,980.43
2026-09-12 20:03:28,10.95,980.45
2026-09-12 20:08:28,10.87,980.43
2026-09-12 20:13:28,10.74,980.42
2026-09-12 20:18:28,10.72,980.43
2026-09-12 20:23:28,10.71,980.42
2026-09-12 20:28:28,10.68,980.44
2026-09-12 20:33:28,10.65,980.43
2026-09-12 20:38:28,10.61,980.38
2026-09-12 20:43:28,10.65,980.35
2026-09-12 20:48:28,10.62,980.34
2026-09-12 20:53:28,10.57,980.34
2026-09-12 20:58:28,10.47,980.33
2026-09-12 21:03:28,10.38,980.28
2026-09-12 21:08:28,10.36,980.22
2026-09-12 21:13:28,10.3,980.2
2026-09-12 21:18:28,10.22,980.14
2026-09-12 21:23:28,10.19,980.24
2026-09-12 21:28:28,10.18,980.26
2026-09-12 21:33:28,10.21,980.24
2026-09-12 21:38:28,10.14,980.28
2026-09-12 21:43:28,10.08,980.24
2026-09-12 21:48:28,10.04,980.25
2026-09-12 21:53:28,10.1,980.3
2026-09-12 21:58:28,10.22,980.35
2026-09-12 22:03:28,10.37,980.34
2026-09-12 22:08:28,10.49,980.35
2026-09-12 22:13:28,10.45,980.38
2026-09-12 22:18:28,10.38,980.47
2026-09-12 22:23:28,10.35,980.46
2026-09-12 22:28:28,10.36,980.48
2026-09-12 22:33:28,10.34,980.52
2026-09-12 22:38:28,10.32,980.49
2026-09-12 22:43:28,10.26,980.46
2026-09-12 22:48:28,10.12,980.43
2026-09-12 22:53:28,9.98,980.43
2026-09-12 22:58:28,9.86,980.43
2026-09-12 23:03:28,9.7,980.44
2026-09-12 23:08:28,9.6,980.44
2026-09-12 23:13:28,9.52,980.4
2026-09-12 23:18:28,9.4,980.39
2026-09-12 23:23:28,9.35,980.32
2026-09-12 23:28:28,9.29,980.29
2026-09-12 23:33:28,9.26,980.32
2026-09-12 23:38:28,9.23,980.39
2026-09-12 23:43:28,9.14,980.38
2026-09-12 23:48:28,9.04,980.44
2026-09-12 23:53:28,8.89,980.38
2026-09-12 23:58:28,8.82,980.31
2026-09-13 00:03:28,8.63,980.43
2026-09-13 00:08:28,8.55,980.42
2026-09-13 00:13:28,8.45,980.38
2026-09-13 00:18:28,8.32,980.32
2026-09-13 00:23:28,8.25,980.31
2026-09-13 00:28:28,8.19,980.33
2026-09-13 00:33:28,8.14,980.29
2026-09-13 00:38:28,8.06,980.29
2026-09-13 00:43:28,8.02,980.29
2026-09-13 00:48:28,8.06,980.28
2026-09-13 00:53:28,8.05,980.33
2026-09-13 00:58:28,8.09,980.29
2026-09-13 01:03:28,8.14,980.32
2026-09-13 01:08:28,8.14,980.31
2026-09-13 01:13:28,8.1,980.27
2026-09-13 01:18:28,8.03,980.29
2026-09-13 01:23:28,7.9,980.26
2026-09-13 01:28:28,7.89,980.35
2026-09-13 01:33:28,7.79,980.36
2026-09-13 01:38:28,7.72,980.34
2026-09-13 01:43:28,7.68,980.35
2026-09-13 01:48:28,7.68,980.29
2026-09-13 01:53:28,7.66,980.25
2026-09-13 01:58:28,7.6,980.18
2026-09-13 02:03:28,7.56,980.2
2026-09-13 02:08:28,7.51,980.19
2026-09-13 02:13:28,7.44,980.19
2026-09-13 02:18:28,7.33,980.23
2026-09-13 02:23:28,7.26,980.24
2026-09-13 02:28:28,7.15,980.24
2026-09-13 02:33:28,7.12,980.18
2026-09-13 02:38:28,7.07,980.2
2026-09-13 02:43:28,7.08,980.25
2026-09-13 02:48:28,7.04,980.18
2026-09-13 02:53:28,6.97,980.19
2026-09-13 02:58:28,6.91,980.16
2026-09-13 03:03:28,6.83,980.19
2026-09-13 03:08:28,6.79,980.2
2026-09-13 03:13:28,6.73,980.13
2026-09-13 03:18:28,6.72,980.2
2026-09-13 03:23:28,6.57,980.18
2026-09-13 03:28:28,6.5,980.07
2026-09-13 03:33:28,6.43,980.12
2026-09-13 03:38:28,6.46,980.12
2026-09-13 03:43:28,6.49,980.08
2026-09-13 03:48:28,6.43,979.96
2026-09-13 03:53:28,6.42,980.11
2026-09-13 03:58:28,6.38,980.1
2026-09-13 04:03:28,6.25,980.05
2026-09-13 04:08:28,6.23,980.14
2026-09-13 04:13:28,6.19,980.14
2026-09-13 04:18:28,6.19,980.16
2026-09-13 04:23:28,6.13,980.09
2026-09-13 04:28:28,6.01,980.02
2026-09-13 04:33:28,5.96,980.03
2026-09-13 04:38:28,6.02,980.16
2026-09-13 04:43:28,6.0,980.1
2026-09-13 04:48:28,5.97,980.03
2026-09-13 04:53:28,5.93,980.0
2026-09-13 04:58:28,6.0,979.91
2026-09-13 05:03:28,6.05,979.89
2026-09-13 05:08:28,6.05,979.95
2026-09-13 05:13:28,6.01,980.03
2026-09-13 05:18:28,5.98,979.91
2026-09-13 05:23:28,5.95,979.86
2026-09-13 05:28:28,6.07,979.87
2026-09-13 05:33:28,5.94,979.83
2026-09-13 05:38:28,5.89,979.82
2026-09-13 05:43:28,5.81,979.86
2026-09-13 05:48:28,5.8,979.82
2026-09-13 05:53:28,5.81,979.74
