timestamp,temp_bmp_c,pressure_hpa
2026-08-01 00:04:55,20.75,972.39
2026-08-01 00:09:55,20.66,972.42
2026-08-01 00:14:55,20.54,972.5
2026-08-01 00:19:55,20.44,972.52
2026-08-01 00:24:55,20.36,972.49
2026-08-01 00:29:55,20.28,972.5
2026-08-01 00:34:55,20.28,972.51
2026-08-01 00:39:55,20.3,972.55
2026-08-01 00:44:55,20.31,972.6
2026-08-01 00:49:55,20.29,972.6
2026-08-01 00:54:55,20.19,972.53
2026-08-01 00:59:55,20.16,972.49
2026-08-01 01:04:55,20.07,972.46
2026-08-01 01:09:55,19.99,972.53
2026-08-01 01:14:55,19.95,972.44
2026-08-01 01:19:55,19.9,972.44
2026-08-01 01:24:55,19.86,972.43
2026-08-01 01:29:55,19.78,972.41
2026-08-01 01:34:55,19.76,972.32
2026-08-01 01:39:55,19.71,972.35
2026-08-01 01:44:55,19.65,972.34
2026-08-01 01:49:55,19.56,972.33
2026-08-01 01:54:55,19.57,972.27
2026-08-01 01:59:55,19.5,972.21
2026-08-01 02:04:55,19.53,972.27
2026-08-01 02:09:55,19.54,972.23
2026-08-01 02:14:55,19.49,972.23
2026-08-01 02:19:55,19.37,972.26
2026-08-01 02:24:55,19.3,972.38
2026-08-01 02:29:55,19.14,972.34
2026-08-01 02:34:55,19.04,972.35
2026-08-01 02:39:55,19.03,972.41
2026-08-01 02:44:55,18.98,972.44
2026-08-01 02:49:55,18.93,972.4
2026-08-01 02:54:55,18.94,972.34
2026-08-01 02:59:55,18.98,972.33
2026-08-01 03:04:55,18.98,972.29
2026-08-01 03:09:55,18.93,972.18
2026-08-01 03:14:55,18.88,972.24
2026-08-01 03:19:55,18.94,972.24
2026-08-01 03:24:55,18.99,972.22
2026-08-01 03:29:55,19.1,972.15
2026-08-01 03:34:55,19.26,972.2
2026-08-01 03:39:55,19.34,972.15
2026-08-01 03:44:55,19.35,972.15
2026-08-01 03:49:55,19.3,972.11
2026-08-01 03:54:55,19.2,972.15
2026-08-01 03:59:55,19.07,972.16
2026-08-01 04:04:55,18.97,972.12
2026-08-01 04:09:55,18.81,972.17
2026-08-01 04:14:55,18.64,972.11
2026-08-01 04:19:55,18.44,972.08
2026-08-01 04:24:55,18.25,972.15
2026-08-01 04:29:55,18.12,972.05
2026-08-01 04:34:56,18.05,972.1
2026-08-01 04:39:56,17.99,972.01
2026-08-01 04:44:56,17.94,972.0
2026-08-01 04:49:56,18.02,971.93
2026-08-01 04:54:56,18.05,971.92
2026-08-01 04:59:56,18.04,971.94
2026-08-01 05:04:56,18.06,971.98
2026-08-01 05:09:56,18.05,972.25
2026-08-01 05:14:56,18.18,972.21
2026-08-01 05:19:56,18.2,972.19
2026-08-01 05:24:56,18.21,972.03
2026-08-01 05:29:56,18.18,972.01
2026-08-01 05:34:56,18.18,971.98
2026-08-01 05:39:56,18.21,971.86
2026-08-01 05:44:56,18.24,971.82
2026-08-01 05:49:56,18.27,971.83
2026-08-01 05:54:56,18.33,971.8
2026-08-01 05:59:56,18.37,971.85
2026-08-01 06:04:56,18.33,971.76
2026-08-01 06:09:56,18.3,971.7
2026-08-01 06:14:56,18.34,971.66
2026-08-01 06:19:56,18.49,971.65
2026-08-01 06:24:56,18.74,971.62
2026-08-01 06:29:56,19.39,971.6
2026-08-01 06:34:56,19.83,971.6
2026-08-01 06:39:56,19.87,971.55
2026-08-01 06:44:56,19.94,971.44
2026-08-01 06:49:56,20.15,971.44
2026-08-01 06:54:56,20.22,971.4
2026-08-01 06:59:56,20.11,971.35
2026-08-01 07:04:56,20.26,971.3
2026-08-01 07:09:56,20.43,971.26
2026-08-01 07:14:56,20.64,971.16
2026-08-01 07:19:56,20.83,971.23
2026-08-01 07:24:56,21.06,971.1
2026-08-01 07:29:56,21.47,971.08
2026-08-01 07:34:56,22.06,971.02
2026-08-01 07:39:56,22.72,971.06
2026-08-01 07:44:56,23.4,970.99
2026-08-01 07:49:56,23.76,970.91
2026-08-01 07:54:56,24.11,970.81
2026-08-01 07:59:56,24.37,970.69
2026-08-01 08:04:56,24.51,970.71
2026-08-01 08:09:56,24.75,970.74
2026-08-01 08:14:56,25.0,970.76
2026-08-01 08:19:56,25.16,970.79
2026-08-01 08:24:56,25.26,970.79
2026-08-01 08:29:56,25.41,970.79
2026-08-01 08:34:56,25.55,970.87
2026-08-01 08:39:56,25.62,970.76
2026-08-01 08:44:56,25.75,970.88
2026-08-01 08:49:56,25.94,970.95
2026-08-01 08:54:56,26.15,971.06
2026-08-01 08:59:56,26.3,971.11
2026-08-01 09:04:56,26.54,971.2
2026-08-01 09:09:56,26.78,971.31
2026-08-01 09:14:56,26.92,971.36
2026-08-01 09:19:56,27.34,971.41
2026-08-01 09:24:56,27.63,971.31
2026-08-01 09:29:56,27.97,971.3
2026-08-01 09:34:56,27.61,971.3
2026-08-01 09:39:56,27.9,971.33
2026-08-01 09:44:56,27.85,971.36
2026-08-01 09:49:56,27.68,971.28
2026-08-01 09:54:56,27.6,971.2
2026-08-01 09:59:56,27.8,971.22
2026-08-01 10:04:56,28.18,971.22
2026-08-01 10:09:56,28.45,971.17
2026-08-01 10:14:56,28.48,971.21
2026-08-01 10:19:56,28.38,971.22
2026-08-01 10:24:56,29.03,971.22
2026-08-01 10:29:56,28.97,971.24
2026-08-01 10:34:56,29.23,971.17
2026-08-01 10:39:56,29.06,971.25
2026-08-01 10:44:56,29.16,971.25
2026-08-01 10:49:56,29.63,971.24
2026-08-01 10:54:56,30.08,971.4
2026-08-01 10:59:56,30.47,971.44
2026-08-01 11:04:56,30.4,971.41
2026-08-01 11:09:56,29.86,971.44
2026-08-01 11:14:56,29.87,971.46
2026-08-01 11:19:56,29.74,971.51
2026-08-01 11:24:56,29.78,971.51
2026-08-01 11:29:56,29.83,971.48
2026-08-01 11:34:56,30.13,971.57
2026-08-01 11:39:56,30.67,971.59
2026-08-01 11:44:56,30.69,971.6
2026-08-01 11:49:56,30.63,971.68
2026-08-01 11:54:56,30.74,971.61
2026-08-01 11:59:56,30.79,971.72
2026-08-01 12:04:56,30.91,971.73
2026-08-01 12:09:56,31.12,971.76
2026-08-01 12:14:56,30.95,971.66
2026-08-01 12:19:56,30.75,971.65
2026-08-01 12:24:56,30.66,971.66
2026-08-01 12:29:56,30.58,971.63
2026-08-01 12:34:56,30.0,971.68
2026-08-01 12:39:56,29.83,971.66
2026-08-01 12:44:56,29.77,971.67
2026-08-01 12:49:56,29.84,971.67
2026-08-01 12:54:56,30.24,971.69
2026-08-01 12:59:56,30.67,971.62
2026-08-01 13:04:56,30.63,971.59
2026-08-01 13:09:56,30.48,971.53
2026-08-01 13:14:56,30.2,971.58
2026-08-01 13:19:56,30.97,971.56
2026-08-01 13:24:56,31.61,971.57
2026-08-01 13:29:56,31.23,971.61
2026-08-01 13:34:56,31.05,971.55
2026-08-01 13:39:56,31.15,971.56
2026-08-01 13:44:56,31.04,971.55
2026-08-01 13:49:56,30.92,971.47
2026-08-01 13:54:56,30.72,971.41
2026-08-01 13:59:56,30.47,971.37
2026-08-01 14:04:56,30.67,971.29
2026-08-01 14:09:56,30.86,971.3
2026-08-01 14:14:56,30.88,971.24
2026-08-01 14:19:56,30.65,971.14
2026-08-01 14:24:56,30.48,971.3
2026-08-01 14:29:56,30.39,971.23
2026-08-01 14:34:56,30.79,971.17
2026-08-01 14:39:56,31.54,971.14
2026-08-01 14:44:56,32.03,971.08
2026-08-01 14:49:56,31.84,971.13
2026-08-01 14:54:56,31.72,971.13
2026-08-01 14:59:56,31.55,971.11
2026-08-01 15:04:56,31.66,971.13
2026-08-01 15:09:56,31.6,971.1
2026-08-01 15:14:56,31.67,971.06
2026-08-01 15:19:56,31.88,971.05
2026-08-01 15:24:56,32.31,971.04
2026-08-01 15:29:56,32.54,971.02
2026-08-01 15:34:56,32.19,970.95
2026-08-01 15:39:56,32.12,970.94
2026-08-01 15:44:56,31.69,970.95
2026-08-01 15:49:56,31.49,970.93
2026-08-01 15:54:56,31.1,970.89
2026-08-01 15:59:56,30.92,970.83
2026-08-01 16:04:56,30.78,970.84
2026-08-01 16:09:56,30.7,970.81
2026-08-01 16:14:56,30.52,970.79
2026-08-01 16:19:56,30.66,970.8
2026-08-01 16:24:56,31.58,970.86
2026-08-01 16:29:56,32.0,970.8
2026-08-01 16:34:56,32.17,970.83
2026-08-01 16:39:56,31.69,970.74
2026-08-01 16:44:56,30.94,970.76
2026-08-01 16:49:56,30.47,970.72
2026-08-01 16:54:56,30.15,970.75
2026-08-01 16:59:56,31.02,970.63
2026-08-01 17:04:56,31.37,970.61
2026-08-01 17:09:56,31.58,970.63
2026-08-01 17:14:56,31.39,970.56
2026-08-01 17:19:56,31.13,970.47
2026-08-01 17:24:56,30.98,970.48
2026-08-01 17:29:56,30.54,970.49
2026-08-01 17:34:56,30.46,970.47
2026-08-01 17:39:56,30.32,970.43
2026-08-01 17:44:56,30.1,970.37
2026-08-01 17:49:56,29.7,970.42
2026-08-01 17:54:56,29.34,970.41
2026-08-01 17:59:56,29.12,970.43
2026-08-01 18:04:56,29.36,970.42
2026-08-01 18:09:56,29.42,970.5
2026-08-01 18:14:56,29.44,970.45
2026-08-01 18:19:56,29.25,970.46
2026-08-01 18:24:56,29.09,970.48
2026-08-01 18:29:56,28.86,970.5
2026-08-01 18:34:56,28.58,970.52
2026-08-01 18:39:56,28.55,970.54
2026-08-01 18:44:56,28.37,970.68
2026-08-01 18:49:56,28.03,970.75
2026-08-01 18:54:56,27.65,970.8
2026-08-01 18:59:56,27.4,970.88
2026-08-01 19:04:56,27.14,970.97
2026-08-01 19:09:56,26.49,970.93
2026-08-01 19:14:56,25.79,970.81
2026-08-01 19:19:56,25.06,970.68
2026-08-01 19:24:56,24.54,970.71
2026-08-01 19:29:56,24.24,970.92
2026-08-01 19:34:56,24.05,971.01
2026-08-01 19:39:56,23.83,970.88
2026-08-01 19:44:56,23.68,971.27
2026-08-01 19:49:56,23.46,971.71
2026-08-01 19:54:56,23.3,971.91
2026-08-01 19:59:56,23.02,972.1
2026-08-01 20:04:56,22.94,972.2
2026-08-01 20:09:56,22.91,972.1
2026-08-01 20:14:56,22.81,972.15
2026-08-01 20:19:56,22.81,972.44
2026-08-01 20:24:56,22.61,972.42
2026-08-01 20:29:56,22.5,972.32
2026-08-01 20:34:56,22.2,972.32
2026-08-01 20:39:56,22.09,972.38
2026-08-01 20:44:56,22.07,972.48
2026-08-01 20:49:56,22.09,972.67
2026-08-01 20:54:56,22.1,972.91
2026-08-01 20:59:56,22.1,973.15
2026-08-01 21:04:56,22.04,973.06
2026-08-01 21:09:56,21.94,973.12
2026-08-01 21:14:56,21.97,973.84
2026-08-01 21:19:56,22.07,974.26
2026-08-01 21:24:56,22.02,974.51
2026-08-01 21:29:56,21.84,974.44
2026-08-01 21:34:56,21.62,974.42
2026-08-01 21:39:56,20.7,974.31
2026-08-01 21:44:56,20.13,974.42
2026-08-01 21:49:56,19.97,974.55
2026-08-01 21:54:56,19.88,974.54
2026-08-01 21:59:56,19.7,974.74
2026-08-01 22:04:56,19.76,974.78
2026-08-01 22:09:56,19.63,974.9
2026-08-01 22:14:56,19.6,974.98
2026-08-01 22:19:56,19.61,975.06
2026-08-01 22:24:56,19.48,974.89
2026-08-01 22:29:56,19.42,975.03
2026-08-01 22:34:56,19.18,975.07
2026-08-01 22:39:56,18.19,975.17
2026-08-01 22:44:56,17.44,975.2
2026-08-01 22:49:56,17.47,975.31
2026-08-01 22:54:56,17.35,975.58
2026-08-01 22:59:56,17.15,975.66
2026-08-01 23:04:56,17.11,975.77
2026-08-01 23:09:56,17.45,975.71
2026-08-01 23:14:56,17.55,975.71
2026-08-01 23:19:56,17.54,975.67
2026-08-01 23:24:56,17.28,975.51
2026-08-01 23:29:56,17.11,975.47
2026-08-01 23:34:56,17.38,975.3
2026-08-01 23:39:56,17.09,975.58
2026-08-01 23:44:56,17.05,975.7
2026-08-01 23:49:56,17.04,975.76
2026-08-01 23:54:56,17.31,975.59
2026-08-01 23:59:56,17.26,975.57
2026-08-02 00:04:56,16.9,975.62
2026-08-02 00:09:56,17.19,975.51
2026-08-02 00:14:56,17.27,975.59
2026-08-02 00:19:56,17.3,975.53
2026-08-02 00:24:56,17.07,975.7
2026-08-02 00:29:56,17.14,975.62
2026-08-02 00:34:56,17.27,975.69
2026-08-02 00:39:56,17.38,975.72
2026-08-02 00:44:56,17.22,975.78
2026-08-02 00:49:56,17.43,975.73
2026-08-02 00:54:56,17.57,975.75
2026-08-02 00:59:56,17.48,975.72
2026-08-02 01:04:56,17.39,975.76
2026-08-02 01:09:56,17.53,975.79
2026-08-02 01:14:56,17.03,975.88
2026-08-02 01:19:56,17.04,975.93
2026-08-02 01:24:56,16.91,975.84
2026-08-02 01:29:56,17.13,975.85
2026-08-02 01:34:56,17.22,975.8
2026-08-02 01:39:56,17.28,975.8
2026-08-02 01:44:56,17.28,975.67
2026-08-02 01:49:56,17.25,975.68
2026-08-02 01:54:56,17.24,975.73
2026-08-02 01:59:56,17.17,975.8
2026-08-02 02:04:56,16.87,975.81
2026-08-02 02:09:56,16.96,975.89
2026-08-02 02:14:56,16.89,975.94
2026-08-02 02:19:56,17.09,975.99
2026-08-02 02:24:56,16.95,975.95
2026-08-02 02:29:56,16.96,975.87
2026-08-02 02:34:56,16.89,975.91
2026-08-02 02:39:56,16.79,975.9
2026-08-02 02:44:56,16.72,976.02
2026-08-02 02:49:56,16.84,976.11
2026-08-02 02:54:56,16.82,976.03
2026-08-02 02:59:56,16.87,976.04
2026-08-02 03:04:56,17.05,976.08
2026-08-02 03:09:56,17.15,976.03
2026-08-02 03:14:56,17.24,976.09
2026-08-02 03:19:56,17.25,976.1
2026-08-02 03:24:56,17.11,976.13
2026-08-02 03:29:56,17.17,976.15
2026-08-02 03:34:56,17.02,976.17
2026-08-02 03:39:56,17.19,976.19
2026-08-02 03:44:56,17.21,976.3
2026-08-02 03:49:56,17.21,976.33
2026-08-02 03:54:56,17.21,976.31
2026-08-02 03:59:56,17.4,976.43
2026-08-02 04:04:56,17.29,976.37
2026-08-02 04:09:56,17.48,976.45
2026-08-02 04:14:56,17.19,976.46
2026-08-02 04:19:56,17.07,976.48
2026-08-02 04:24:56,17.18,976.6
2026-08-02 04:29:56,16.99,976.55
2026-08-02 04:34:56,17.11,976.56
2026-08-02 04:39:56,16.87,976.61
2026-08-02 04:44:56,17.21,976.62
2026-08-02 04:49:56,16.96,976.65
2026-08-02 04:54:56,16.98,976.71
2026-08-02 04:59:56,16.81,976.76
2026-08-02 05:04:56,16.75,976.81
2026-08-02 05:09:56,16.82,976.82
2026-08-02 05:14:56,16.76,976.84
2026-08-02 05:19:56,16.75,976.88
2026-08-02 05:24:56,16.85,976.87
2026-08-02 05:29:56,16.86,976.9
2026-08-02 05:34:56,16.9,976.89
2026-08-02 05:39:56,16.9,976.87
2026-08-02 05:44:56,16.71,976.94
2026-08-02 05:49:56,16.82,976.99
2026-08-02 05:54:56,16.69,977.08
2026-08-02 05:59:56,16.71,977.04
2026-08-02 06:04:56,16.66,977.13
2026-08-02 06:09:56,16.76,977.23
2026-08-02 06:14:56,16.89,977.17
2026-08-02 06:19:56,16.9,977.25
2026-08-02 06:24:56,16.59,977.31
2026-08-02 06:29:56,16.44,977.33
2026-08-02 06:34:56,16.59,977.45
2026-08-02 06:39:56,16.82,977.5
2026-08-02 06:44:56,16.57,977.49
2026-08-02 06:49:56,16.64,977.53
2026-08-02 06:54:56,16.6,977.58
2026-08-02 06:59:56,16.53,977.57
2026-08-02 07:04:56,16.62,977.62
2026-08-02 07:09:56,16.99,977.65
2026-08-02 07:14:56,16.9,977.7
2026-08-02 07:19:56,17.07,977.71
2026-08-02 07:24:56,16.8,977.71
2026-08-02 07:29:56,17.08,977.71
2026-08-02 07:34:56,16.97,977.74
2026-08-02 07:39:56,17.21,977.76
2026-08-02 07:44:56,16.78,977.83
2026-08-02 07:49:56,16.96,977.83
2026-08-02 07:54:56,16.74,977.8
2026-08-02 07:59:56,16.89,977.85
2026-08-02 08:04:56,16.84,977.87
2026-08-02 08:09:56,16.82,977.89
2026-08-02 08:14:56,16.73,977.93
2026-08-02 08:19:56,16.62,977.91
2026-08-02 08:24:56,16.67,977.9
2026-08-02 08:29:56,16.83,977.92
2026-08-02 08:34:56,16.72,978.03
2026-08-02 08:39:56,16.78,978.0
2026-08-02 08:44:56,17.15,977.99
2026-08-02 08:49:56,16.72,978.05
2026-08-02 08:54:56,16.95,978.05
2026-08-02 08:59:56,17.17,978.09
2026-08-02 09:04:56,16.86,978.1
2026-08-02 09:09:56,16.89,978.09
2026-08-02 09:14:56,17.02,978.14
2026-08-02 09:19:56,17.44,978.17
2026-08-02 09:24:56,17.36,978.23
2026-08-02 09:29:56,18.17,978.11
2026-08-02 09:34:56,18.56,978.14
2026-08-02 09:39:56,18.03,978.18
2026-08-02 09:44:56,17.8,978.3
2026-08-02 09:49:56,17.94,978.21
2026-08-02 09:54:56,17.83,978.27
2026-08-02 09:59:56,17.96,978.31
2026-08-02 10:04:56,18.2,978.37
2026-08-02 10:09:56,18.0,978.45
2026-08-02 10:14:56,18.3,978.5
2026-08-02 10:19:57,18.11,978.54
2026-08-02 10:24:57,18.24,978.52
2026-08-02 10:29:57,17.91,978.64
2026-08-02 10:34:57,18.07,978.61
2026-08-02 10:39:57,18.04,978.69
2026-08-02 10:44:57,17.98,978.73
2026-08-02 10:49:57,18.39,978.64
2026-08-02 10:54:57,18.46,978.61
2026-08-02 10:59:57,19.13,978.6
2026-08-02 11:04:57,19.02,978.7
2026-08-02 11:09:57,19.49,978.65
2026-08-02 11:14:57,20.07,978.69
2026-08-02 11:19:57,20.65,978.68
2026-08-02 11:24:57,21.05,978.67
2026-08-02 11:29:57,20.69,978.71
2026-08-02 11:34:57,20.93,978.69
2026-08-02 11:39:57,20.66,978.75
2026-08-02 11:44:57,20.3,978.75
2026-08-02 11:49:57,20.28,978.74
2026-08-02 11:54:57,20.37,978.73
2026-08-02 11:59:57,20.56,978.75
2026-08-02 12:04:57,20.42,978.77
2026-08-02 12:09:57,19.64,978.79
2026-08-02 12:14:57,19.73,978.79
2026-08-02 12:19:57,21.34,978.77
2026-08-02 12:24:57,21.41,978.81
2026-08-02 12:29:57,21.25,978.77
2026-08-02 12:34:57,21.44,978.73
2026-08-02 12:39:57,22.02,978.67
2026-08-02 12:44:57,21.54,978.69
2026-08-02 12:49:57,22.27,978.72
2026-08-02 12:54:57,21.58,978.75
2026-08-02 12:59:57,21.69,978.7
2026-08-02 13:04:57,21.01,978.69
2026-08-02 13:09:57,20.83,978.74
2026-08-02 13:14:57,20.91,978.73
2026-08-02 13:19:57,21.57,978.71
2026-08-02 13:24:57,21.54,978.72
2026-08-02 13:29:57,22.13,978.78
2026-08-02 13:34:57,22.42,978.7
2026-08-02 13:39:57,21.66,978.71
2026-08-02 13:44:57,22.16,978.7
2026-08-02 13:49:57,22.7,978.66
2026-08-02 13:54:57,22.27,978.62
2026-08-02 13:59:57,22.15,978.6
2026-08-02 14:04:57,22.19,978.52
2026-08-02 14:09:57,22.56,978.34
2026-08-02 14:14:57,22.83,978.3
2026-08-02 14:19:57,23.68,978.29
2026-08-02 14:24:57,22.89,978.23
2026-08-02 14:29:57,22.02,978.21
2026-08-02 14:34:57,22.32,978.16
2026-08-02 14:39:57,22.1,978.09
2026-08-02 14:44:57,22.43,978.0
2026-08-02 14:49:57,22.6,977.99
2026-08-02 14:54:57,22.23,978.07
2026-08-02 14:59:57,22.16,978.04
2026-08-02 15:04:57,22.63,977.89
2026-08-02 15:09:57,22.43,977.89
2026-08-02 15:14:57,22.41,977.82
2026-08-02 15:19:57,22.77,977.82
2026-08-02 15:24:57,22.69,977.79
2026-08-02 15:29:57,22.5,977.74
2026-08-02 15:34:57,22.79,977.74
2026-08-02 15:39:57,22.28,977.65
2026-08-02 15:44:57,21.64,977.69
2026-08-02 15:49:57,22.5,977.66
2026-08-02 15:54:57,22.53,977.61
2026-08-02 15:59:57,22.64,977.6
2026-08-02 16:04:57,22.71,977.61
2026-08-02 16:09:57,22.96,977.58
2026-08-02 16:14:57,22.86,977.53
2026-08-02 16:19:57,22.18,977.48
2026-08-02 16:24:57,22.17,977.47
2026-08-02 16:29:57,22.67,977.47
2026-08-02 16:34:57,22.58,977.49
2026-08-02 16:39:57,22.38,977.49
2026-08-02 16:44:57,22.45,977.5
2026-08-02 16:49:57,22.4,977.54
2026-08-02 16:54:57,22.16,977.5
2026-08-02 16:59:57,21.92,977.54
2026-08-02 17:04:57,22.01,977.43
2026-08-02 17:09:57,21.99,977.39
2026-08-02 17:14:57,22.23,977.5
2026-08-02 17:19:57,22.21,977.45
2026-08-02 17:24:57,22.03,977.36
2026-08-02 17:29:57,22.16,977.37
2026-08-02 17:34:57,22.33,977.37
2026-08-02 17:39:57,22.01,977.31
2026-08-02 17:44:57,22.1,977.32
2026-08-02 17:49:57,21.74,977.3
2026-08-02 17:54:57,21.85,977.18
2026-08-02 17:59:57,22.05,977.08
2026-08-02 18:04:57,21.99,977.12
2026-08-02 18:09:57,21.94,977.01
2026-08-02 18:14:57,22.16,976.94
2026-08-02 18:19:57,22.04,976.9
2026-08-02 18:24:57,21.82,976.83
2026-08-02 18:29:57,21.63,976.73
2026-08-02 18:34:57,21.48,976.66
2026-08-02 18:39:57,21.63,976.61
2026-08-02 18:44:57,21.55,976.63
2026-08-02 18:49:57,21.67,976.56
2026-08-02 18:54:57,21.67,976.51
2026-08-02 18:59:57,21.91,976.51
2026-08-02 19:04:57,21.89,976.59
2026-08-02 19:09:57,21.69,976.56
2026-08-02 19:14:57,21.67,976.52
2026-08-02 19:19:57,21.45,976.53
2026-08-02 19:24:57,21.34,976.54
2026-08-02 19:29:57,21.25,976.6
2026-08-02 19:34:57,21.19,976.58
2026-08-02 19:39:57,21.07,976.55
2026-08-02 19:44:57,21.15,976.56
2026-08-02 19:49:57,21.06,976.54
2026-08-02 19:54:57,20.97,976.49
2026-08-02 19:59:57,20.81,976.55
2026-08-02 20:04:57,20.75,976.53
2026-08-02 20:09:57,20.72,976.46
2026-08-02 20:14:57,20.61,976.41
2026-08-02 20:19:57,20.57,976.42
2026-08-02 20:24:57,20.48,976.42
2026-08-02 20:29:57,20.42,976.37
2026-08-02 20:34:57,20.35,976.28
2026-08-02 20:39:57,20.31,976.35
2026-08-02 20:44:57,20.28,976.39
2026-08-02 20:49:57,20.29,976.37
2026-08-02 20:54:57,20.31,976.27
2026-08-02 20:59:57,20.26,976.27
2026-08-02 21:04:57,20.23,976.32
2026-08-02 21:09:57,20.25,976.35
2026-08-02 21:14:57,20.26,976.36
2026-08-02 21:19:57,20.3,976.36
2026-08-02 21:24:57,20.27,976.29
2026-08-02 21:29:57,20.14,976.29
2026-08-02 21:34:57,20.09,976.31
2026-08-02 21:39:57,20.01,976.35
2026-08-02 21:44:57,19.95,976.38
2026-08-02 21:49:57,19.87,976.46
2026-08-02 21:54:57,19.8,976.49
2026-08-02 21:59:57,19.75,976.4
2026-08-02 22:04:57,19.61,976.34
2026-08-02 22:09:57,19.42,976.32
2026-08-02 22:14:57,19.28,976.36
2026-08-02 22:19:57,19.15,976.34
2026-08-02 22:24:57,19.14,976.34
2026-08-02 22:29:57,19.11,976.32
2026-08-02 22:34:57,19.03,976.42
2026-08-02 22:39:57,18.9,976.45
2026-08-02 22:44:57,18.85,976.39
2026-08-02 22:49:57,18.77,976.38
2026-08-02 22:54:57,18.68,976.34
2026-08-02 22:59:57,18.54,976.35
2026-08-02 23:04:57,18.42,976.43
2026-08-02 23:09:57,18.27,976.39
2026-08-02 23:14:57,18.16,976.43
2026-08-02 23:19:57,18.14,976.39
2026-08-02 23:24:57,18.12,976.35
2026-08-02 23:29:57,18.14,976.38
2026-08-02 23:34:57,18.14,976.44
2026-08-02 23:39:57,18.16,976.4
2026-08-02 23:44:57,18.19,976.4
2026-08-02 23:49:57,18.18,976.34
2026-08-02 23:54:57,18.16,976.34
2026-08-02 23:59:57,18.12,976.37
2026-08-03 00:04:57,18.09,976.37
2026-08-03 00:09:57,18.08,976.43
2026-08-03 00:14:57,18.04,976.48
2026-08-03 00:19:57,17.97,976.47
2026-08-03 00:24:57,17.94,976.46
2026-08-03 00:29:57,17.9,976.31
2026-08-03 00:34:57,17.87,976.26
2026-08-03 00:39:57,17.83,976.27
2026-08-03 00:44:57,17.79,976.27
2026-08-03 00:49:57,17.69,976.29
2026-08-03 00:54:57,17.65,976.3
2026-08-03 00:59:57,17.6,976.19
2026-08-03 01:04:57,17.55,976.11
2026-08-03 01:09:57,17.56,976.1
2026-08-03 01:14:57,17.51,976.16
2026-08-03 01:19:57,17.48,976.07
2026-08-03 01:24:57,17.47,976.02
2026-08-03 01:29:57,17.43,975.91
2026-08-03 01:34:57,17.44,975.87
2026-08-03 01:39:57,17.42,975.86
2026-08-03 01:44:57,17.34,975.8
2026-08-03 01:49:57,17.33,975.75
2026-08-03 01:54:57,17.35,975.77
2026-08-03 01:59:57,17.34,975.66
2026-08-03 02:04:57,17.38,975.64
2026-08-03 02:09:57,17.37,975.61
2026-08-03 02:14:57,17.37,975.6
2026-08-03 02:19:57,17.35,975.61
2026-08-03 02:24:57,17.33,975.55
2026-08-03 02:29:57,17.29,975.52
2026-08-03 02:34:57,17.25,975.49
2026-08-03 02:39:57,17.27,975.52
2026-08-03 02:44:57,17.27,975.55
2026-08-03 02:49:57,17.25,975.48
2026-08-03 02:54:57,17.18,975.49
2026-08-03 02:59:57,17.15,975.51
2026-08-03 03:04:57,17.12,975.42
2026-08-03 03:09:57,17.08,975.52
2026-08-03 03:14:57,17.04,975.57
2026-08-03 03:19:57,17.04,975.54
2026-08-03 03:24:57,17.0,975.59
2026-08-03 03:29:57,16.96,975.56
2026-08-03 03:34:57,16.98,975.55
2026-08-03 03:39:57,16.92,975.52
2026-08-03 03:44:57,16.85,975.5
2026-08-03 03:49:57,16.66,975.48
2026-08-03 03:54:57,16.61,975.44
2026-08-03 03:59:57,16.55,975.4
2026-08-03 04:04:57,16.53,975.39
2026-08-03 04:09:57,16.44,975.41
2026-08-03 04:14:57,16.43,975.4
2026-08-03 04:19:57,16.39,975.33
2026-08-03 04:24:57,16.37,975.33
2026-08-03 04:29:57,16.37,975.3
2026-08-03 04:34:57,16.34,975.36
2026-08-03 04:39:57,16.34,975.33
2026-08-03 04:44:57,16.35,975.33
2026-08-03 04:49:57,16.36,975.27
2026-08-03 04:54:57,16.37,975.31
2026-08-03 04:59:57,16.4,975.3
2026-08-03 05:04:57,16.41,975.34
2026-08-03 05:09:57,16.46,975.35
2026-08-03 05:14:57,16.48,975.4
2026-08-03 05:19:57,16.43,975.46
2026-08-03 05:24:57,16.44,975.45
2026-08-03 05:29:57,16.45,975.46
2026-08-03 05:34:57,16.53,975.42
2026-08-03 05:39:57,16.6,975.38
2026-08-03 05:44:57,16.67,975.38
2026-08-03 05:49:57,16.69,975.31
2026-08-03 05:54:57,16.78,975.37
2026-08-03 05:59:57,16.84,975.39
2026-08-03 06:04:57,16.88,975.39
2026-08-03 06:09:57,16.99,975.34
2026-08-03 06:14:57,17.21,975.32
2026-08-03 06:19:57,17.36,975.33
2026-08-03 06:24:57,17.56,975.3
2026-08-03 06:29:57,17.84,975.34
2026-08-03 06:34:57,18.18,975.3
2026-08-03 06:39:57,18.3,975.38
2026-08-03 06:44:57,18.31,975.27
2026-08-03 06:49:57,18.37,975.25
2026-08-03 06:54:57,18.49,975.28
2026-08-03 06:59:57,18.61,975.34
2026-08-03 07:04:57,18.78,975.31
2026-08-03 07:09:57,18.88,975.36
2026-08-03 07:14:57,19.01,975.4
2026-08-03 07:19:57,19.15,975.52
2026-08-03 07:24:57,19.35,975.56
2026-08-03 07:29:57,19.61,975.62
2026-08-03 07:34:57,19.96,975.56
2026-08-03 07:39:57,20.4,975.52
2026-08-03 07:44:57,20.88,975.45
2026-08-03 07:49:57,21.37,975.47
2026-08-03 07:54:57,21.78,975.45
2026-08-03 07:59:58,22.08,975.39
2026-08-03 08:04:58,22.22,975.46
2026-08-03 08:09:58,22.37,975.45
2026-08-03 08:14:58,22.54,975.47
2026-08-03 08:19:58,22.77,975.5
2026-08-03 08:24:58,22.94,975.48
2026-08-03 08:29:58,23.09,975.49
2026-08-03 08:34:58,23.16,975.52
2026-08-03 08:39:58,23.42,975.54
2026-08-03 08:44:58,23.52,975.46
2026-08-03 08:49:58,23.69,975.44
2026-08-03 08:54:58,23.83,975.44
2026-08-03 08:59:58,23.91,975.34
2026-08-03 09:04:58,23.93,975.3
2026-08-03 09:09:58,24.03,975.29
2026-08-03 09:14:58,24.05,975.31
2026-08-03 09:19:58,23.95,975.31
2026-08-03 09:24:58,24.13,975.33
2026-08-03 09:29:58,24.0,975.36
2026-08-03 09:34:58,23.51,975.37
2026-08-03 09:39:58,24.09,975.3
2026-08-03 09:44:58,24.33,975.34
2026-08-03 09:49:58,24.66,975.32
2026-08-03 09:54:58,24.91,975.33
2026-08-03 09:59:58,24.82,975.32
2026-08-03 10:04:58,25.08,975.27
2026-08-03 10:09:58,25.21,975.27
2026-08-03 10:14:58,25.33,975.22
2026-08-03 10:19:58,25.71,975.21
2026-08-03 10:24:58,25.86,975.11
2026-08-03 10:29:58,25.97,975.14
2026-08-03 10:34:58,25.96,975.12
2026-08-03 10:39:58,25.88,975.09
2026-08-03 10:44:58,25.81,975.11
2026-08-03 10:49:58,26.07,975.08
2026-08-03 10:54:58,25.91,975.1
2026-08-03 10:59:58,25.75,975.13
2026-08-03 11:04:58,25.93,975.12
2026-08-03 11:09:58,26.24,975.02
2026-08-03 11:14:58,26.35,975.07
2026-08-03 11:19:58,26.41,975.01
2026-08-03 11:24:58,26.31,974.97
2026-08-03 11:29:58,26.96,974.92
2026-08-03 11:34:58,27.05,974.87
2026-08-03 11:39:58,26.78,974.88
2026-08-03 11:44:58,27.09,974.83
2026-08-03 11:49:58,27.17,974.86
2026-08-03 11:54:58,27.33,974.8
2026-08-03 11:59:58,27.22,974.88
2026-08-03 12:04:58,27.12,974.88
2026-08-03 12:09:58,27.65,974.81
2026-08-03 12:14:58,27.95,974.77
2026-08-03 12:19:58,28.36,974.75
2026-08-03 12:24:58,27.92,974.78
2026-08-03 12:29:58,27.88,974.83
2026-08-03 12:34:58,28.51,974.75
2026-08-03 12:39:58,28.49,974.72
2026-08-03 12:44:58,28.28,974.62
2026-08-03 12:49:58,28.8,974.58
2026-08-03 12:54:58,28.83,974.6
2026-08-03 12:59:58,28.66,974.61
2026-08-03 13:04:58,29.21,974.49
2026-08-03 13:09:58,29.47,974.47
2026-08-03 13:14:58,29.37,974.38
2026-08-03 13:19:58,29.37,974.41
2026-08-03 13:24:58,29.26,974.35
2026-08-03 13:29:58,29.37,974.26
2026-08-03 13:34:58,29.38,974.2
2026-08-03 13:39:58,29.4,974.17
2026-08-03 13:44:58,29.86,974.13
2026-08-03 13:49:58,29.93,974.1
2026-08-03 13:54:58,29.94,974.02
2026-08-03 13:59:58,29.8,973.99
2026-08-03 14:04:58,30.12,973.89
2026-08-03 14:09:58,30.4,973.9
2026-08-03 14:14:58,30.42,973.77
2026-08-03 14:19:58,30.45,973.65
2026-08-03 14:24:58,30.69,973.58
2026-08-03 14:29:58,30.49,973.58
2026-08-03 14:34:58,30.52,973.54
2026-08-03 14:39:58,30.5,973.54
2026-08-03 14:44:58,30.7,973.52
2026-08-03 14:49:58,30.71,973.48
2026-08-03 14:54:58,30.76,973.32
2026-08-03 14:59:58,30.8,973.19
2026-08-03 15:04:58,30.8,973.11
2026-08-03 15:09:58,30.65,973.05
2026-08-03 15:14:58,30.89,973.02
2026-08-03 15:19:58,30.76,972.86
2026-08-03 15:24:58,30.95,972.81
2026-08-03 15:29:58,30.96,972.77
2026-08-03 15:34:58,31.3,972.87
2026-08-03 15:39:58,31.42,972.82
2026-08-03 15:44:58,31.48,972.96
2026-08-03 15:49:58,31.46,972.92
2026-08-03 15:54:58,31.51,972.92
2026-08-03 15:59:58,31.59,972.87
2026-08-03 16:04:58,31.72,972.85
2026-08-03 16:09:58,32.02,972.86
2026-08-03 16:14:58,32.01,972.8
2026-08-03 16:19:58,32.03,972.78
2026-08-03 16:24:58,32.0,972.71
2026-08-03 16:29:58,31.94,972.63
2026-08-03 16:34:58,31.91,972.54
2026-08-03 16:39:58,31.8,972.47
2026-08-03 16:44:58,31.69,972.44
2026-08-03 16:49:58,31.36,972.41
2026-08-03 16:54:58,31.6,972.35
2026-08-03 16:59:58,31.6,972.27
2026-08-03 17:04:58,31.39,972.21
2026-08-03 17:09:58,31.33,972.21
2026-08-03 17:14:58,31.09,972.26
2026-08-03 17:19:58,31.07,972.22
2026-08-03 17:24:58,31.02,972.24
2026-08-03 17:29:58,30.99,972.17
2026-08-03 17:34:58,30.9,972.15
2026-08-03 17:39:58,30.68,972.18
2026-08-03 17:44:58,30.56,972.12
2026-08-03 17:49:58,30.61,972.02
2026-08-03 17:54:58,30.45,972.03
2026-08-03 17:59:58,30.2,971.99
2026-08-03 18:04:58,30.08,972.02
2026-08-03 18:09:58,29.95,972.02
2026-08-03 18:14:58,29.94,972.02
2026-08-03 18:19:58,30.01,971.96
2026-08-03 18:24:58,29.71,971.93
2026-08-03 18:29:58,29.32,971.96
2026-08-03 18:34:58,29.0,971.92
2026-08-03 18:39:58,28.71,971.97
2026-08-03 18:44:58,28.39,972.03
2026-08-03 18:49:58,28.11,972.02
2026-08-03 18:54:58,27.89,971.96
2026-08-03 18:59:58,27.66,972.04
2026-08-03 19:04:58,27.51,972.03
2026-08-03 19:09:58,27.36,972.13
2026-08-03 19:14:58,27.17,972.1
2026-08-03 19:19:58,27.01,972.11
2026-08-03 19:24:58,26.82,972.08
2026-08-03 19:29:58,26.6,972.09
2026-08-03 19:34:58,26.41,972.13
2026-08-03 19:39:58,26.2,972.14
2026-08-03 19:44:58,25.96,972.07
2026-08-03 19:49:58,25.72,972.13
2026-08-03 19:54:58,25.48,972.12
2026-08-03 19:59:58,25.29,972.11
2026-08-03 20:04:58,25.14,972.12
2026-08-03 20:09:58,25.02,972.12
2026-08-03 20:14:58,24.91,972.14
2026-08-03 20:19:58,24.81,972.14
2026-08-03 20:24:58,24.7,972.17
2026-08-03 20:29:58,24.59,972.26
2026-08-03 20:34:58,24.46,972.23
2026-08-03 20:39:58,24.34,972.24
2026-08-03 20:44:58,24.28,972.28
2026-08-03 20:49:58,24.2,972.36
2026-08-03 20:54:58,24.16,972.34
2026-08-03 20:59:58,24.07,972.36
2026-08-03 21:04:58,23.97,972.42
2026-08-03 21:09:58,23.92,972.42
2026-08-03 21:14:58,23.91,972.39
2026-08-03 21:19:58,23.87,972.47
2026-08-03 21:24:58,23.79,972.49
2026-08-03 21:29:58,23.7,972.48
2026-08-03 21:34:58,23.64,972.47
2026-08-03 21:39:58,23.59,972.47
2026-08-03 21:44:58,23.55,972.47
2026-08-03 21:49:58,23.44,972.46
2026-08-03 21:54:58,23.3,972.44
2026-08-03 21:59:58,23.19,972.46
2026-08-03 22:04:58,23.05,972.41
2026-08-03 22:09:58,22.99,972.38
2026-08-03 22:14:58,22.85,972.46
2026-08-03 22:19:58,22.77,972.47
2026-08-03 22:24:58,22.76,972.56
2026-08-03 22:29:58,22.72,972.55
2026-08-03 22:34:58,22.74,972.58
2026-08-03 22:39:58,22.68,972.57
2026-08-03 22:44:58,22.7,972.58
2026-08-03 22:49:58,22.74,972.6
2026-08-03 22:54:58,22.75,972.57
2026-08-03 22:59:58,22.76,972.53
2026-08-03 23:04:58,22.67,972.68
2026-08-03 23:09:58,22.63,972.71
2026-08-03 23:14:58,22.68,972.75
2026-08-03 23:19:58,22.65,972.77
2026-08-03 23:24:58,22.72,972.86
2026-08-03 23:29:58,22.71,972.78
2026-08-03 23:34:58,22.7,972.82
2026-08-03 23:39:58,22.8,972.81
2026-08-03 23:44:58,22.99,972.84
2026-08-03 23:49:58,22.9,972.88
2026-08-03 23:54:58,22.84,972.93
2026-08-03 23:59:58,22.8,972.92
2026-08-04 00:04:58,22.7,972.89
2026-08-04 00:09:58,22.59,972.86
2026-08-04 00:14:58,22.56,972.86
2026-08-04 00:19:58,22.56,972.85
2026-08-04 00:24:58,22.51,972.81
2026-08-04 00:29:58,22.47,972.8
2026-08-04 00:34:58,22.42,972.77
2026-08-04 00:39:58,22.39,972.82
2026-08-04 00:44:58,22.36,972.84
2026-08-04 00:49:58,22.24,972.76
2026-08-04 00:54:58,22.25,972.77
2026-08-04 00:59:58,22.21,972.77
2026-08-04 01:04:58,22.18,972.91
2026-08-04 01:09:58,22.21,972.81
2026-08-04 01:14:58,22.12,972.78
2026-08-04 01:19:58,22.16,972.7
2026-08-04 01:24:58,22.23,972.64
2026-08-04 01:29:58,22.25,972.65
2026-08-04 01:34:58,22.11,972.74
2026-08-04 01:39:58,21.97,972.76
2026-08-04 01:44:58,22.07,972.6
2026-08-04 01:49:58,22.1,972.77
2026-08-04 01:54:58,22.02,972.74
2026-08-04 01:59:58,21.91,972.71
2026-08-04 02:04:58,21.82,972.74
2026-08-04 02:09:58,21.75,972.74
2026-08-04 02:14:58,21.62,972.78
2026-08-04 02:19:58,21.47,972.82
2026-08-04 02:24:58,21.36,972.79
2026-08-04 02:29:58,21.32,972.63
2026-08-04 02:34:58,21.24,972.77
2026-08-04 02:39:58,21.21,972.71
2026-08-04 02:44:58,21.2,972.84
2026-08-04 02:49:58,21.12,972.86
2026-08-04 02:54:58,21.07,972.91
2026-08-04 02:59:58,21.03,972.79
2026-08-04 03:04:58,20.94,972.78
2026-08-04 03:09:58,20.78,972.77
2026-08-04 03:14:58,20.71,972.84
2026-08-04 03:19:58,20.75,972.81
2026-08-04 03:24:58,20.78,972.9
2026-08-04 03:29:58,20.81,972.97
2026-08-04 03:34:58,20.78,972.98
2026-08-04 03:39:58,20.81,973.05
2026-08-04 03:44:58,20.73,973.13
2026-08-04 03:49:58,20.73,973.07
2026-08-04 03:54:58,20.71,972.95
2026-08-04 03:59:58,20.64,972.99
2026-08-04 04:04:58,20.64,973.04
2026-08-04 04:09:58,20.44,973.06
2026-08-04 04:14:58,20.28,973.02
2026-08-04 04:19:58,20.14,973.0
2026-08-04 04:24:58,20.12,973.04
2026-08-04 04:29:58,20.11,973.06
2026-08-04 04:34:58,20.08,972.96
2026-08-04 04:39:58,20.07,973.01
2026-08-04 04:44:58,19.98,973.08
2026-08-04 04:49:58,19.87,973.06
2026-08-04 04:54:58,19.77,973.04
2026-08-04 04:59:58,19.71,973.07
2026-08-04 05:04:58,19.64,973.15
2026-08-04 05:09:58,19.57,973.21
2026-08-04 05:14:58,19.53,973.25
2026-08-04 05:19:58,19.71,973.24
2026-08-04 05:24:58,20.78,973.29
2026-08-04 05:29:58,21.02,973.27
2026-08-04 05:34:58,20.89,973.33
2026-08-04 05:39:58,21.09,973.36
2026-08-04 05:44:58,21.05,973.4
2026-08-04 05:49:58,20.75,973.38
2026-08-04 05:54:58,20.56,973.36
2026-08-04 05:59:58,20.39,973.38
2026-08-04 06:04:58,20.36,973.45
2026-08-04 06:09:58,20.49,973.44
2026-08-04 06:14:58,20.47,973.56
2026-08-04 06:19:58,20.43,973.59
2026-08-04 06:24:58,20.37,973.64
2026-08-04 06:29:58,20.4,973.6
2026-08-04 06:34:58,20.79,973.64
2026-08-04 06:39:58,20.84,973.57
2026-08-04 06:44:58,20.91,973.57
2026-08-04 06:49:58,21.03,973.55
2026-08-04 06:54:58,21.19,973.53
2026-08-04 06:59:58,21.38,973.54
2026-08-04 07:04:58,21.53,973.62
2026-08-04 07:09:58,21.71,973.62
2026-08-04 07:14:58,21.83,973.59
2026-08-04 07:19:58,21.93,973.6
2026-08-04 07:24:58,22.12,973.7
2026-08-04 07:29:58,22.32,973.71
2026-08-04 07:34:59,22.56,973.7
2026-08-04 07:39:59,23.04,973.78
2026-08-04 07:44:59,23.46,973.81
2026-08-04 07:49:59,23.9,973.65
2026-08-04 07:54:59,24.42,973.64
2026-08-04 07:59:59,24.78,973.67
2026-08-04 08:04:59,25.05,973.66
2026-08-04 08:09:59,25.15,973.6
2026-08-04 08:14:59,25.44,973.58
2026-08-04 08:19:59,25.63,973.63
2026-08-04 08:24:59,25.89,973.62
2026-08-04 08:29:59,26.04,973.52
2026-08-04 08:34:59,26.19,973.53
2026-08-04 08:39:59,26.38,973.51
2026-08-04 08:44:59,26.53,973.53
2026-08-04 08:49:59,26.7,973.57
2026-08-04 08:54:59,26.83,973.44
2026-08-04 08:59:59,26.95,973.46
2026-08-04 09:04:59,27.08,973.52
2026-08-04 09:09:59,27.07,973.4
2026-08-04 09:14:59,27.17,973.42
2026-08-04 09:19:59,27.3,973.4
2026-08-04 09:24:59,27.43,973.37
2026-08-04 09:29:59,27.59,973.39
2026-08-04 09:34:59,27.81,973.45
2026-08-04 09:39:59,27.99,973.47
2026-08-04 09:44:59,28.3,973.45
2026-08-04 09:49:59,28.51,973.42
2026-08-04 09:54:59,28.77,973.43
2026-08-04 09:59:59,29.04,973.45
2026-08-04 10:04:59,29.21,973.47
2026-08-04 10:09:59,29.38,973.44
2026-08-04 10:14:59,29.57,973.53
2026-08-04 10:19:59,29.7,973.56
2026-08-04 10:24:59,29.95,973.53
2026-08-04 10:29:59,30.2,973.51
2026-08-04 10:34:59,30.49,973.55
2026-08-04 10:39:59,30.54,973.56
2026-08-04 10:44:59,30.67,973.55
2026-08-04 10:49:59,30.83,973.48
2026-08-04 10:54:59,31.0,973.48
2026-08-04 10:59:59,31.09,973.48
2026-08-04 11:04:59,31.22,973.45
2026-08-04 11:09:59,31.37,973.47
2026-08-04 11:14:59,31.42,973.44
2026-08-04 11:19:59,31.6,973.45
2026-08-04 11:24:59,31.68,973.44
2026-08-04 11:29:59,31.83,973.45
2026-08-04 11:34:59,31.93,973.44
2026-08-04 11:39:59,31.9,973.45
2026-08-04 11:44:59,31.91,973.41
2026-08-04 11:49:59,31.94,973.41
2026-08-04 11:54:59,32.0,973.32
2026-08-04 11:59:59,32.03,973.3
2026-08-04 12:04:59,32.05,973.32
2026-08-04 12:09:59,32.07,973.32
2026-08-04 12:14:59,32.25,973.32
2026-08-04 12:19:59,32.25,973.29
2026-08-04 12:24:59,32.31,973.27
2026-08-04 12:29:59,32.36,973.25
2026-08-04 12:34:59,32.32,973.24
2026-08-04 12:39:59,32.42,973.31
2026-08-04 12:44:59,32.4,973.24
2026-08-04 12:49:59,32.53,973.22
2026-08-04 12:54:59,32.57,973.2
2026-08-04 12:59:59,32.57,973.23
2026-08-04 13:04:59,32.59,973.25
2026-08-04 13:09:59,32.61,973.18
2026-08-04 13:14:59,32.59,973.07
2026-08-04 13:19:59,32.67,973.08
2026-08-04 13:24:59,32.77,973.06
2026-08-04 13:29:59,32.72,973.06
2026-08-04 13:34:59,32.79,972.97
2026-08-04 13:39:59,32.8,973.04
2026-08-04 13:44:59,32.86,973.04
2026-08-04 13:49:59,32.99,973.03
2026-08-04 13:54:59,32.92,973.0
2026-08-04 13:59:59,32.93,972.98
2026-08-04 14:04:59,32.92,972.92
2026-08-04 14:09:59,33.03,972.98
2026-08-04 14:14:59,33.1,972.91
2026-08-04 14:19:59,33.09,972.89
2026-08-04 14:24:59,33.14,972.83
2026-08-04 14:29:59,33.16,972.73
2026-08-04 14:34:59,33.22,972.76
2026-08-04 14:39:59,33.21,972.7
2026-08-04 14:44:59,33.2,972.68
2026-08-04 14:49:59,33.25,972.69
2026-08-04 14:54:59,33.25,972.66
2026-08-04 14:59:59,33.31,972.59
2026-08-04 15:04:59,33.32,972.56
2026-08-04 15:09:59,33.37,972.5
2026-08-04 15:14:59,33.28,972.42
2026-08-04 15:19:59,33.29,972.34
2026-08-04 15:24:59,33.38,972.29
2026-08-04 15:29:59,33.47,972.29
2026-08-04 15:34:59,33.46,972.28
2026-08-04 15:39:59,33.43,972.33
2026-08-04 15:44:59,33.33,972.25
2026-08-04 15:49:59,33.29,972.26
2026-08-04 15:54:59,33.27,972.22
2026-08-04 15:59:59,33.24,972.14
2026-08-04 16:04:59,33.19,972.12
2026-08-04 16:09:59,33.22,972.09
2026-08-04 16:14:59,33.23,972.05
2026-08-04 16:19:59,33.23,972.0
2026-08-04 16:24:59,33.09,971.96
2026-08-04 16:29:59,32.98,971.96
2026-08-04 16:34:59,33.01,971.93
2026-08-04 16:39:59,33.04,971.91
2026-08-04 16:44:59,32.96,971.89
2026-08-04 16:49:59,32.87,971.87
2026-08-04 16:54:59,32.84,971.8
2026-08-04 16:59:59,32.76,971.78
2026-08-04 17:04:59,32.65,971.75
2026-08-04 17:09:59,32.58,971.72
2026-08-04 17:14:59,32.41,971.7
2026-08-04 17:19:59,32.32,971.62
2026-08-04 17:24:59,32.24,971.68
2026-08-04 17:29:59,32.12,971.64
2026-08-04 17:34:59,32.02,971.58
2026-08-04 17:39:59,31.92,971.57
2026-08-04 17:44:59,31.82,971.65
2026-08-04 17:49:59,31.67,971.65
2026-08-04 17:54:59,31.44,971.56
2026-08-04 17:59:59,31.28,971.59
2026-08-04 18:04:59,31.12,971.54
2026-08-04 18:09:59,30.98,971.55
2026-08-04 18:14:59,30.87,971.49
2026-08-04 18:19:59,30.74,971.52
2026-08-04 18:24:59,30.63,971.46
2026-08-04 18:29:59,30.44,971.38
2026-08-04 18:34:59,30.31,971.42
2026-08-04 18:39:59,30.15,971.44
2026-08-04 18:44:59,30.0,971.44
2026-08-04 18:49:59,29.85,971.38
2026-08-04 18:54:59,29.68,971.38
2026-08-04 18:59:59,29.44,971.39
2026-08-04 19:04:59,29.27,971.38
2026-08-04 19:09:59,29.14,971.41
2026-08-04 19:14:59,28.9,971.41
2026-08-04 19:19:59,28.74,971.43
2026-08-04 19:24:59,28.5,971.45
2026-08-04 19:29:59,28.26,971.47
2026-08-04 19:34:59,28.07,971.46
2026-08-04 19:39:59,27.86,971.5
2026-08-04 19:44:59,27.71,971.45
2026-08-04 19:49:59,27.53,971.41
2026-08-04 19:54:59,27.32,971.49
2026-08-04 19:59:59,27.08,971.51
2026-08-04 20:04:59,26.82,971.56
2026-08-04 20:09:59,26.59,971.59
2026-08-04 20:14:59,26.39,971.61
2026-08-04 20:19:59,26.21,971.64
2026-08-04 20:24:59,26.12,971.71
2026-08-04 20:29:59,25.91,971.72
2026-08-04 20:34:59,25.69,971.74
2026-08-04 20:39:59,25.39,971.84
2026-08-04 20:44:59,25.28,971.96
2026-08-04 20:49:59,25.11,972.01
2026-08-04 20:54:59,25.06,972.08
2026-08-04 20:59:59,24.95,972.1
2026-08-04 21:04:59,24.89,972.09
2026-08-04 21:09:59,24.83,972.12
2026-08-04 21:14:59,24.85,972.16
2026-08-04 21:19:59,24.95,972.16
2026-08-04 21:24:59,25.06,972.1
2026-08-04 21:29:59,25.11,972.11
2026-08-04 21:34:59,25.2,972.1
2026-08-04 21:39:59,25.24,972.13
2026-08-04 21:44:59,25.21,972.18
2026-08-04 21:49:59,25.13,972.19
2026-08-04 21:54:59,25.08,972.26
2026-08-04 21:59:59,24.98,972.27
2026-08-04 22:04:59,24.95,972.27
2026-08-04 22:09:59,24.85,972.26
2026-08-04 22:14:59,24.79,972.22
2026-08-04 22:19:59,24.7,972.27
2026-08-04 22:24:59,24.54,972.24
2026-08-04 22:29:59,24.41,972.24
2026-08-04 22:34:59,24.27,972.25
2026-08-04 22:39:59,24.17,972.32
2026-08-04 22:44:59,24.18,972.36
2026-08-04 22:49:59,24.02,972.33
2026-08-04 22:54:59,23.92,972.31
2026-08-04 22:59:59,23.73,972.36
2026-08-04 23:04:59,23.54,972.37
2026-08-04 23:09:59,23.31,972.4
2026-08-04 23:14:59,23.24,972.49
2026-08-04 23:19:59,23.12,972.48
2026-08-04 23:24:59,22.9,972.5
2026-08-04 23:29:59,22.84,972.52
2026-08-04 23:34:59,22.93,972.52
2026-08-04 23:39:59,22.76,972.53
2026-08-04 23:44:59,22.74,972.57
2026-08-04 23:49:59,22.6,972.55
2026-08-04 23:54:59,22.57,972.6
2026-08-04 23:59:59,22.51,972.64
2026-08-05 00:04:59,22.48,972.65
2026-08-05 00:09:59,22.5,972.58
2026-08-05 00:14:59,22.38,972.69
2026-08-05 00:19:59,22.39,972.64
2026-08-05 00:24:59,22.43,972.66
2026-08-05 00:29:59,22.3,972.69
2026-08-05 00:34:59,22.22,972.66
2026-08-05 00:39:59,22.1,972.75
2026-08-05 00:44:59,22.0,972.68
2026-08-05 00:49:59,21.93,972.66
2026-08-05 00:54:59,21.84,972.63
2026-08-05 00:59:59,21.75,972.59
2026-08-05 01:04:59,21.67,972.57
2026-08-05 01:09:59,21.57,972.59
2026-08-05 01:14:59,21.41,972.56
2026-08-05 01:19:59,21.27,972.56
2026-08-05 01:24:59,21.08,972.63
2026-08-05 01:29:59,21.02,972.7
2026-08-05 01:34:59,20.93,972.72
2026-08-05 01:39:59,20.87,972.76
2026-08-05 01:44:59,20.86,972.72
2026-08-05 01:49:59,20.78,972.72
2026-08-05 01:54:59,20.7,972.85
2026-08-05 01:59:59,20.62,972.85
2026-08-05 02:04:59,20.54,972.85
2026-08-05 02:09:59,20.51,972.83
2026-08-05 02:14:59,20.5,972.83
2026-08-05 02:19:59,20.4,972.87
2026-08-05 02:24:59,20.42,972.84
2026-08-05 02:29:59,20.32,972.86
2026-08-05 02:34:59,20.41,972.83
2026-08-05 02:39:59,20.45,972.91
2026-08-05 02:44:59,20.54,972.9
2026-08-05 02:49:59,20.36,972.85
2026-08-05 02:54:59,20.41,972.86
2026-08-05 02:59:59,20.48,972.86
2026-08-05 03:04:59,20.58,972.86
2026-08-05 03:09:59,20.69,972.8
2026-08-05 03:14:59,20.68,972.79
2026-08-05 03:19:59,20.69,972.83
2026-08-05 03:24:59,20.75,972.72
2026-08-05 03:29:59,20.68,972.75
2026-08-05 03:34:59,20.57,972.79
2026-08-05 03:39:59,20.5,972.72
2026-08-05 03:44:59,20.44,972.7
2026-08-05 03:49:59,20.44,972.67
2026-08-05 03:54:59,20.34,972.64
2026-08-05 03:59:59,20.27,972.62
2026-08-05 04:04:59,20.29,972.61
2026-08-05 04:09:59,20.24,972.58
2026-08-05 04:14:59,20.26,972.6
2026-08-05 04:19:59,20.26,972.66
2026-08-05 04:24:59,20.0,972.64
2026-08-05 04:29:59,19.84,972.78
2026-08-05 04:34:59,19.81,972.85
2026-08-05 04:39:59,19.77,972.83
2026-08-05 04:44:59,19.83,972.73
2026-08-05 04:49:59,19.76,972.73
2026-08-05 04:54:59,19.78,972.73
2026-08-05 04:59:59,19.79,972.71
2026-08-05 05:04:59,19.83,972.7
2026-08-05 05:09:59,19.8,972.73
2026-08-05 05:14:59,19.82,972.63
2026-08-05 05:19:59,19.79,972.77
2026-08-05 05:24:59,19.87,972.67
2026-08-05 05:29:59,20.2,972.75
2026-08-05 05:34:59,20.25,972.73
2026-08-05 05:39:59,20.32,972.73
2026-08-05 05:44:59,20.29,972.73
2026-08-05 05:49:59,20.2,972.74
2026-08-05 05:54:59,20.1,972.73
2026-08-05 05:59:59,20.21,972.77
2026-08-05 06:04:59,20.1,972.73
2026-08-05 06:09:59,20.13,972.7
2026-08-05 06:14:59,20.05,972.85
2026-08-05 06:19:59,20.14,972.9
2026-08-05 06:24:59,19.8,972.91
2026-08-05 06:29:59,19.78,972.91
2026-08-05 06:34:59,19.96,972.9
2026-08-05 06:39:59,19.95,972.97
2026-08-05 06:44:59,19.9,972.99
2026-08-05 06:49:59,19.91,972.97
2026-08-05 06:54:59,19.94,972.96
2026-08-05 06:59:59,20.05,972.92
2026-08-05 07:04:59,20.21,972.97
2026-08-05 07:09:59,20.39,972.92
2026-08-05 07:14:59,20.56,972.92
2026-08-05 07:19:59,20.73,973.0
2026-08-05 07:24:59,20.97,973.02
2026-08-05 07:29:59,21.27,973.05
2026-08-05 07:34:59,21.66,973.03
2026-08-05 07:39:59,22.2,973.07
2026-08-05 07:44:59,22.71,973.05
2026-08-05 07:49:59,23.06,973.05
2026-08-05 07:54:59,23.32,973.0
2026-08-05 07:59:59,23.65,973.03
2026-08-05 08:04:59,23.74,972.9
2026-08-05 08:09:59,23.88,972.91
2026-08-05 08:14:59,24.05,972.93
2026-08-05 08:19:59,24.16,972.92
2026-08-05 08:24:59,24.32,972.8
2026-08-05 08:29:59,24.52,972.91
2026-08-05 08:34:59,24.71,972.83
2026-08-05 08:39:59,24.83,972.92
2026-08-05 08:44:59,25.05,972.92
2026-08-05 08:49:59,25.34,972.87
2026-08-05 08:54:59,25.56,972.92
2026-08-05 08:59:59,25.71,972.85
2026-08-05 09:04:59,25.86,972.93
2026-08-05 09:09:59,26.03,972.89
2026-08-05 09:14:59,26.3,972.98
2026-08-05 09:19:59,26.56,972.93
2026-08-05 09:24:59,26.8,972.96
2026-08-05 09:29:59,27.11,972.99
2026-08-05 09:34:59,27.42,972.95
2026-08-05 09:39:59,27.66,973.01
2026-08-05 09:44:59,27.99,972.95
2026-08-05 09:49:59,28.29,972.93
2026-08-05 09:54:59,28.56,972.96
2026-08-05 09:59:59,28.84,972.91
2026-08-05 10:04:59,29.12,972.97
2026-08-05 10:09:59,29.36,972.98
2026-08-05 10:14:59,29.71,973.06
2026-08-05 10:19:59,30.0,973.13
2026-08-05 10:24:59,30.24,973.15
2026-08-05 10:29:59,30.41,973.13
2026-08-05 10:34:59,30.58,973.14
2026-08-05 10:39:59,30.83,973.12
2026-08-05 10:44:59,30.97,973.07
2026-08-05 10:49:59,31.12,973.1
2026-08-05 10:54:59,31.17,973.09
2026-08-05 10:59:59,31.22,973.09
2026-08-05 11:04:59,31.43,972.99
2026-08-05 11:09:59,31.59,973.06
2026-08-05 11:14:59,31.61,972.98
2026-08-05 11:19:59,31.7,972.96
2026-08-05 11:24:59,31.84,972.92
2026-08-05 11:29:59,31.88,972.92
2026-08-05 11:34:59,31.92,972.88
2026-08-05 11:39:59,32.0,972.84
2026-08-05 11:44:59,32.04,972.92
2026-08-05 11:49:59,32.14,972.89
2026-08-05 11:54:59,32.19,972.92
2026-08-05 11:59:59,32.33,972.93
2026-08-05 12:04:59,32.21,972.93
2026-08-05 12:09:59,32.34,972.95
2026-08-05 12:14:59,32.44,972.91
2026-08-05 12:19:59,32.48,972.98
2026-08-05 12:24:59,32.55,972.88
2026-08-05 12:29:59,32.64,972.88
2026-08-05 12:34:59,32.68,972.86
2026-08-05 12:39:59,32.71,972.86
2026-08-05 12:44:59,32.77,972.85
2026-08-05 12:49:59,32.8,972.85
2026-08-05 12:54:59,32.79,972.84
2026-08-05 12:59:59,32.92,972.86
2026-08-05 13:04:59,32.88,972.79
2026-08-05 13:09:59,33.01,972.76
2026-08-05 13:14:59,33.1,972.71
2026-08-05 13:19:59,33.18,972.7
2026-08-05 13:24:59,33.21,972.59
2026-08-05 13:29:59,33.26,972.59
2026-08-05 13:34:59,33.3,972.66
2026-08-05 13:39:59,33.27,972.6
2026-08-05 13:44:59,33.38,972.69
2026-08-05 13:49:59,33.32,972.57
2026-08-05 13:54:59,33.41,972.68
2026-08-05 13:59:59,33.43,972.64
2026-08-05 14:04:59,33.45,972.65
2026-08-05 14:09:59,33.5,972.68
2026-08-05 14:14:59,33.54,972.63
2026-08-05 14:19:59,33.59,972.6
2026-08-05 14:24:59,33.64,972.58
2026-08-05 14:29:59,33.71,972.64
2026-08-05 14:34:59,33.73,972.56
2026-08-05 14:39:59,33.83,972.52
2026-08-05 14:44:59,33.81,972.58
2026-08-05 14:49:59,33.81,972.48
2026-08-05 14:54:59,33.85,972.46
2026-08-05 14:59:59,33.95,972.4
2026-08-05 15:04:59,34.02,972.41
2026-08-05 15:09:59,34.02,972.4
2026-08-05 15:14:59,33.94,972.35
2026-08-05 15:19:59,33.94,972.31
2026-08-05 15:24:59,33.99,972.32
2026-08-05 15:29:59,34.05,972.37
2026-08-05 15:34:59,34.02,972.26
2026-08-05 15:39:59,34.04,972.31
2026-08-05 15:44:59,33.97,972.28
2026-08-05 15:49:59,34.02,972.26
2026-08-05 15:54:59,33.94,972.2
2026-08-05 15:59:59,33.93,972.16
2026-08-05 16:04:59,33.86,972.12
2026-08-05 16:09:59,33.86,972.09
2026-08-05 16:14:59,33.73,972.12
2026-08-05 16:19:59,33.79,972.05
2026-08-05 16:24:59,33.76,972.07
2026-08-05 16:29:59,33.64,972.07
2026-08-05 16:34:59,33.55,972.06
2026-08-05 16:39:59,33.02,972.01
2026-08-05 16:44:59,33.04,972.12
2026-08-05 16:49:59,32.58,972.03
2026-08-05 16:54:59,32.57,971.95
2026-08-05 16:59:59,32.05,972.03
2026-08-05 17:04:59,31.83,972.04
2026-08-05 17:09:59,31.8,972.0
2026-08-05 17:14:59,32.03,971.98
2026-08-05 17:19:59,32.11,971.86
2026-08-05 17:24:59,32.06,971.88
2026-08-05 17:29:59,32.01,971.87
2026-08-05 17:34:59,32.05,971.86
2026-08-05 17:39:59,31.89,971.92
2026-08-05 17:44:59,31.68,971.92
2026-08-05 17:49:59,31.51,971.93
2026-08-05 17:54:59,31.28,971.88
2026-08-05 17:59:59,31.19,971.88
2026-08-05 18:04:59,31.05,971.87
2026-08-05 18:09:59,30.72,971.86
2026-08-05 18:14:59,30.4,971.9
2026-08-05 18:19:59,30.1,971.83
2026-08-05 18:24:59,29.93,971.81
2026-08-05 18:29:59,29.88,971.81
2026-08-05 18:34:59,29.84,971.83
2026-08-05 18:39:59,29.71,971.8
2026-08-05 18:44:59,29.56,971.83
2026-08-05 18:49:59,29.55,971.92
2026-08-05 18:54:59,29.41,971.98
2026-08-05 18:59:59,29.24,972.06
2026-08-05 19:04:59,29.03,972.07
2026-08-05 19:09:59,28.82,972.11
2026-08-05 19:14:59,28.58,972.2
2026-08-05 19:19:59,28.26,972.2
2026-08-05 19:24:59,27.99,972.29
2026-08-05 19:30:00,27.66,972.35
2026-08-05 19:35:00,27.3,972.4
2026-08-05 19:40:00,26.96,972.36
2026-08-05 19:45:00,26.59,972.44
2026-08-05 19:50:00,26.29,972.49
2026-08-05 19:55:00,26.23,972.52
2026-08-05 20:00:00,26.23,972.58
2026-08-05 20:05:00,26.03,972.66
2026-08-05 20:10:00,25.89,972.7
2026-08-05 20:15:00,25.69,972.71
2026-08-05 20:20:00,25.44,972.84
2026-08-05 20:25:00,25.23,972.82
2026-08-05 20:30:00,25.2,972.83
2026-08-05 20:35:00,25.17,972.9
2026-08-05 20:40:00,25.06,972.87
2026-08-05 20:45:00,24.97,972.98
2026-08-05 20:50:00,24.91,973.02
2026-08-05 20:55:00,24.89,973.07
2026-08-05 21:00:00,24.86,973.14
2026-08-05 21:05:00,24.9,973.19
2026-08-05 21:10:00,24.75,973.25
2026-08-05 21:15:00,24.75,973.27
2026-08-05 21:20:00,24.64,973.37
2026-08-05 21:25:00,24.47,973.33
2026-08-05 21:30:00,24.64,973.37
2026-08-05 21:35:00,24.91,973.35
2026-08-05 21:40:00,25.0,973.35
2026-08-05 21:45:00,24.81,973.43
2026-08-05 21:50:00,24.51,973.34
2026-08-05 21:55:00,24.43,973.34
2026-08-05 22:00:00,24.51,973.34
2026-08-05 22:05:00,24.48,973.3
2026-08-05 22:10:00,24.5,973.31
2026-08-05 22:15:00,24.45,973.34
2026-08-05 22:20:00,24.39,973.36
2026-08-05 22:25:00,24.32,973.39
2026-08-05 22:30:00,24.19,973.34
2026-08-05 22:35:00,24.14,973.36
2026-08-05 22:40:00,24.0,973.33
2026-08-05 22:45:00,23.84,973.42
2026-08-05 22:50:00,23.75,973.4
2026-08-05 22:55:00,23.47,973.42
2026-08-05 23:00:00,23.42,973.36
2026-08-05 23:05:00,23.27,973.41
2026-08-05 23:10:00,23.1,973.37
2026-08-05 23:15:00,22.99,973.5
2026-08-05 23:20:00,22.81,973.5
2026-08-05 23:25:00,22.58,973.59
2026-08-05 23:30:00,22.46,973.64
2026-08-05 23:35:00,22.44,973.58
2026-08-05 23:40:00,22.38,973.59
2026-08-05 23:45:00,22.21,973.64
2026-08-05 23:50:00,22.06,973.69
2026-08-05 23:55:00,21.92,973.68
2026-08-06 00:00:00,21.85,973.63
2026-08-06 00:05:00,21.73,973.68
2026-08-06 00:10:00,21.72,973.65
2026-08-06 00:15:00,21.67,973.61
2026-08-06 00:20:00,21.55,973.56
2026-08-06 00:25:00,21.58,973.56
2026-08-06 00:30:00,21.56,973.54
2026-08-06 00:35:00,21.47,973.53
2026-08-06 00:40:00,21.35,973.54
2026-08-06 00:45:00,21.38,973.54
2026-08-06 00:50:00,21.44,973.5
2026-08-06 00:55:00,21.45,973.51
2026-08-06 01:00:00,21.45,973.42
2026-08-06 01:05:00,21.35,973.37
2026-08-06 01:10:00,21.27,973.41
2026-08-06 01:15:00,21.2,973.39
2026-08-06 01:20:00,21.12,973.46
2026-08-06 01:25:00,21.02,973.41
2026-08-06 01:30:00,20.93,973.42
2026-08-06 01:35:00,20.76,973.44
2026-08-06 01:40:00,20.61,973.36
2026-08-06 01:45:00,20.52,973.4
2026-08-06 01:50:00,20.42,973.34
2026-08-06 01:55:00,20.28,973.33
2026-08-06 02:00:00,20.18,973.29
2026-08-06 02:05:00,20.11,973.32
2026-08-06 02:10:00,20.02,973.37
2026-08-06 02:15:00,19.98,973.33
2026-08-06 02:20:00,19.98,973.25
2026-08-06 02:25:00,19.77,973.23
2026-08-06 02:30:00,19.67,973.22
2026-08-06 02:35:00,19.51,973.18
2026-08-06 02:40:00,19.38,973.14
2026-08-06 02:45:00,19.32,973.16
2026-08-06 02:50:00,19.25,973.13
2026-08-06 02:55:00,19.26,973.11
2026-08-06 03:00:00,19.14,973.05
2026-08-06 03:05:00,19.06,973.11
2026-08-06 03:10:00,18.97,973.05
2026-08-06 03:15:00,18.84,972.94
2026-08-06 03:20:00,18.8,972.89
2026-08-06 03:25:00,18.75,972.89
2026-08-06 03:30:00,18.73,972.92
2026-08-06 03:35:00,18.7,972.96
2026-08-06 03:40:00,18.66,972.97
2026-08-06 03:45:00,18.62,973.07
2026-08-06 03:50:00,18.59,973.04
2026-08-06 03:55:00,18.68,973.05
2026-08-06 04:00:00,18.81,973.07
2026-08-06 04:05:00,18.72,973.14
2026-08-06 04:10:00,18.69,973.22
2026-08-06 04:15:00,18.61,973.28
2026-08-06 04:20:00,18.6,973.35
2026-08-06 04:25:00,18.59,973.37
2026-08-06 04:30:00,18.63,973.38
2026-08-06 04:35:00,18.67,973.41
2026-08-06 04:40:00,18.62,973.4
2026-08-06 04:45:00,18.52,973.4
2026-08-06 04:50:00,18.52,973.44
2026-08-06 04:55:00,18.5,973.44
2026-08-06 05:00:00,18.51,973.43
2026-08-06 05:05:00,18.57,973.41
2026-08-06 05:10:00,18.74,973.4
2026-08-06 05:15:00,18.86,973.34
2026-08-06 05:20:00,19.02,973.4
2026-08-06 05:25:00,19.02,973.37
2026-08-06 05:30:00,19.05,973.46
2026-08-06 05:35:00,19.03,973.42
2026-08-06 05:40:00,19.05,973.4
2026-08-06 05:45:00,19.12,973.49
2026-08-06 05:50:00,19.01,973.46
2026-08-06 05:55:00,18.91,973.51
2026-08-06 06:00:00,18.71,973.48
2026-08-06 06:05:00,18.63,973.59
2026-08-06 06:10:00,18.58,973.59
2026-08-06 06:15:00,18.57,973.58
2026-08-06 06:20:00,18.48,973.47
2026-08-06 06:25:00,18.48,973.48
2026-08-06 06:30:00,18.53,973.46
2026-08-06 06:35:00,18.65,973.4
2026-08-06 06:40:00,18.68,973.41
2026-08-06 06:45:00,18.65,973.36
2026-08-06 06:50:00,18.64,973.39
2026-08-06 06:55:00,18.75,973.35
2026-08-06 07:00:00,18.74,973.33
2026-08-06 07:05:00,18.82,973.31
2026-08-06 07:10:00,19.02,973.29
2026-08-06 07:15:00,19.1,973.27
2026-08-06 07:20:00,19.29,973.33
2026-08-06 07:25:00,19.71,973.32
2026-08-06 07:30:00,20.11,973.34
2026-08-06 07:35:00,20.63,973.38
2026-08-06 07:40:00,21.2,973.33
2026-08-06 07:45:00,21.76,973.35
2026-08-06 07:50:00,22.21,973.4
2026-08-06 07:55:00,22.51,973.4
2026-08-06 08:00:00,22.83,973.37
2026-08-06 08:05:00,23.18,973.36
2026-08-06 08:10:00,23.45,973.39
2026-08-06 08:15:00,23.64,973.35
2026-08-06 08:20:00,23.78,973.33
2026-08-06 08:25:00,24.02,973.27
2026-08-06 08:30:00,24.16,973.26
2026-08-06 08:35:00,24.35,973.31
2026-08-06 08:40:00,24.52,973.28
2026-08-06 08:45:00,24.72,973.3
2026-08-06 08:50:00,24.85,973.27
2026-08-06 08:55:00,25.0,973.22
2026-08-06 09:00:00,25.1,973.18
2026-08-06 09:05:00,25.23,973.19
2026-08-06 09:10:00,25.32,973.22
2026-08-06 09:15:00,25.44,973.26
2026-08-06 09:20:00,25.6,973.22
2026-08-06 09:25:00,25.77,973.21
2026-08-06 09:30:00,26.0,973.29
2026-08-06 09:35:00,26.17,973.42
2026-08-06 09:40:00,26.35,973.67
2026-08-06 09:45:00,26.6,973.73
2026-08-06 09:50:00,26.68,973.96
2026-08-06 09:55:00,26.87,974.0
2026-08-06 10:00:00,26.44,974.08
2026-08-06 10:05:00,26.69,974.07
2026-08-06 10:10:00,26.03,974.07
2026-08-06 10:15:00,26.29,973.95
2026-08-06 10:20:00,26.63,973.96
2026-08-06 10:25:00,27.13,973.93
2026-08-06 10:30:00,26.9,973.96
2026-08-06 10:35:00,27.0,973.92
2026-08-06 10:40:00,27.14,973.88
2026-08-06 10:45:00,27.67,973.82
2026-08-06 10:50:00,27.76,973.85
2026-08-06 10:55:00,27.93,973.81
2026-08-06 11:00:00,28.01,973.83
2026-08-06 11:05:00,28.3,973.83
2026-08-06 11:10:00,28.78,973.76
2026-08-06 11:15:00,29.01,973.7
2026-08-06 11:20:00,29.24,973.76
2026-08-06 11:25:00,29.5,973.7
2026-08-06 11:30:00,29.81,973.72
2026-08-06 11:35:00,30.05,973.7
2026-08-06 11:40:00,30.28,973.74
2026-08-06 11:45:00,30.34,973.82
2026-08-06 11:50:00,30.42,973.88
2026-08-06 11:55:00,30.15,973.79
2026-08-06 12:00:00,30.21,973.88
2026-08-06 12:05:00,30.06,973.88
2026-08-06 12:10:00,30.33,973.92
2026-08-06 12:15:00,30.5,973.98
2026-08-06 12:20:00,30.33,973.96
2026-08-06 12:25:00,30.4,974.04
2026-08-06 12:30:00,30.28,974.02
2026-08-06 12:35:00,30.06,974.01
2026-08-06 12:40:00,30.08,973.92
2026-08-06 12:45:00,29.72,973.93
2026-08-06 12:50:00,29.9,973.87
2026-08-06 12:55:00,29.87,973.88
2026-08-06 13:00:00,30.43,973.81
2026-08-06 13:05:00,30.15,973.82
2026-08-06 13:10:00,30.05,973.8
2026-08-06 13:15:00,30.55,973.78
2026-08-06 13:20:00,30.68,973.76
2026-08-06 13:25:00,30.1,973.72
2026-08-06 13:30:00,30.61,973.69
2026-08-06 13:35:00,30.82,973.63
2026-08-06 13:40:00,30.6,973.67
2026-08-06 13:45:00,30.74,973.67
2026-08-06 13:50:00,30.79,973.64
2026-08-06 13:55:00,31.01,973.58
2026-08-06 14:00:00,31.09,973.51
2026-08-06 14:05:00,30.45,973.47
2026-08-06 14:10:00,30.35,973.45
2026-08-06 14:15:00,30.63,973.38
2026-08-06 14:20:00,30.7,973.38
2026-08-06 14:25:00,30.84,973.34
2026-08-06 14:30:00,30.73,973.36
2026-08-06 14:35:00,30.87,973.4
2026-08-06 14:40:00,30.48,973.33
2026-08-06 14:45:00,30.91,973.28
2026-08-06 14:50:00,30.94,973.25
2026-08-06 14:55:00,31.36,973.1
2026-08-06 15:00:00,31.05,973.14
2026-08-06 15:05:00,31.15,973.11
2026-08-06 15:10:00,31.52,973.06
2026-08-06 15:15:00,31.61,972.95
2026-08-06 15:20:00,31.72,972.96
2026-08-06 15:25:00,31.68,972.81
2026-08-06 15:30:00,31.27,972.79
2026-08-06 15:35:00,30.89,972.77
2026-08-06 15:40:00,30.98,972.76
2026-08-06 15:45:00,30.96,972.75
2026-08-06 15:50:00,31.19,972.8
2026-08-06 15:55:00,31.34,972.69
2026-08-06 16:00:00,31.3,972.68
2026-08-06 16:05:00,31.24,972.66
2026-08-06 16:10:00,31.3,972.65
2026-08-06 16:15:00,31.35,972.73
2026-08-06 16:20:00,31.13,972.68
2026-08-06 16:25:00,31.01,972.69
2026-08-06 16:30:00,30.86,972.62
2026-08-06 16:35:00,30.83,972.63
2026-08-06 16:40:00,31.02,972.6
2026-08-06 16:45:00,31.27,972.54
2026-08-06 16:50:00,30.79,972.45
2026-08-06 16:55:00,30.93,972.41
2026-08-06 17:00:00,30.65,972.38
2026-08-06 17:05:00,30.4,972.39
2026-08-06 17:10:00,30.46,972.36
2026-08-06 17:15:00,30.2,972.37
2026-08-06 17:20:00,30.09,972.31
2026-08-06 17:25:00,30.22,972.38
2026-08-06 17:30:00,30.03,972.38
2026-08-06 17:35:00,29.75,972.38
2026-08-06 17:40:00,29.66,972.44
2026-08-06 17:45:00,29.27,972.42
2026-08-06 17:50:00,29.22,972.41
2026-08-06 17:55:00,29.04,972.36
2026-08-06 18:00:00,28.75,972.49
2026-08-06 18:05:00,28.74,972.52
2026-08-06 18:10:00,28.49,972.54
2026-08-06 18:15:00,28.14,972.6
2026-08-06 18:20:00,28.01,972.67
2026-08-06 18:25:00,27.9,972.66
2026-08-06 18:30:00,27.67,972.71
2026-08-06 18:41:36,27.29,972.74
2026-08-06 18:46:36,26.99,972.83
2026-08-06 18:51:36,26.69,972.95
2026-08-06 18:56:36,26.47,972.88
2026-08-06 19:01:36,26.3,972.91
2026-08-06 19:06:36,26.16,973.08
2026-08-06 19:11:36,26.11,973.2
2026-08-06 19:16:36,26.0,973.15
2026-08-06 19:21:36,25.83,973.19
2026-08-06 19:26:36,25.69,973.43
2026-08-06 19:31:36,25.62,973.6
2026-08-06 19:36:36,25.49,973.67
2026-08-06 19:41:36,25.38,973.76
2026-08-06 19:46:36,25.23,973.86
2026-08-06 19:51:36,25.14,973.85
2026-08-06 19:56:36,25.08,973.77
2026-08-06 20:01:36,25.01,973.77
2026-08-06 20:06:36,24.92,973.73
2026-08-06 20:11:36,24.74,973.71
2026-08-06 20:16:36,24.52,973.72
2026-08-06 20:21:36,24.44,973.75
2026-08-06 20:26:36,24.49,973.81
2026-08-06 20:31:36,24.53,973.83
2026-08-06 20:36:36,24.48,973.74
2026-08-06 20:41:36,24.42,973.76
2026-08-06 20:46:36,24.41,973.82
2026-08-06 20:51:36,24.33,973.83
2026-08-06 20:56:36,24.37,973.82
2026-08-06 21:01:36,24.27,973.84
2026-08-06 21:06:36,24.28,973.83
2026-08-06 21:11:36,24.22,973.85
2026-08-06 21:16:36,24.1,973.9
2026-08-06 21:21:36,24.1,973.94
2026-08-06 21:26:36,23.75,973.91
2026-08-06 21:31:36,23.65,973.99
2026-08-06 21:36:36,23.6,973.98
2026-08-06 21:41:36,23.44,973.94
2026-08-06 21:46:36,23.41,973.94
2026-08-06 21:51:36,23.33,973.95
2026-08-06 21:56:36,23.0,973.87
2026-08-06 22:01:36,22.78,973.96
2026-08-06 22:06:36,22.79,973.97
2026-08-06 22:11:36,22.87,973.94
2026-08-06 22:16:36,22.7,973.9
2026-08-06 22:21:36,22.63,973.92
2026-08-06 22:26:36,22.49,973.97
2026-08-06 22:31:36,22.41,974.0
2026-08-06 22:36:36,22.29,973.88
2026-08-06 22:41:36,22.27,973.84
2026-08-06 22:46:36,22.27,973.88
2026-08-06 22:51:36,22.07,973.86
2026-08-06 22:56:36,22.02,973.84
2026-08-06 23:01:36,21.99,973.78
2026-08-06 23:06:36,21.9,973.77
2026-08-06 23:11:36,21.78,973.75
2026-08-06 23:16:36,21.63,973.75
2026-08-06 23:21:36,21.66,973.81
2026-08-06 23:26:36,21.72,973.86
2026-08-06 23:31:36,21.88,973.92
2026-08-06 23:36:36,21.83,973.97
2026-08-06 23:41:36,21.75,974.05
2026-08-06 23:46:36,21.57,974.07
2026-08-06 23:51:36,21.38,974.07
2026-08-06 23:56:36,21.46,974.13
2026-08-07 00:01:36,21.3,974.16
2026-08-07 00:06:36,21.3,974.12
2026-08-07 00:11:36,21.41,974.05
2026-08-07 00:16:36,21.4,973.99
2026-08-07 00:21:36,21.43,973.98
2026-08-07 00:26:36,21.34,973.93
2026-08-07 00:31:36,21.16,973.89
2026-08-07 00:36:36,21.15,973.89
2026-08-07 00:41:36,21.22,973.89
2026-08-07 00:46:36,21.46,973.96
2026-08-07 00:51:36,21.2,973.88
2026-08-07 00:56:36,21.36,973.87
2026-08-07 01:01:36,21.41,973.99
2026-08-07 01:06:36,21.48,974.11
2026-08-07 01:11:36,21.59,974.15
2026-08-07 01:16:36,21.67,974.11
2026-08-07 01:21:36,21.61,974.11
2026-08-07 01:26:36,21.53,974.13
2026-08-07 01:31:36,21.53,974.15
2026-08-07 01:36:36,21.48,974.18
2026-08-07 01:41:36,21.45,974.26
2026-08-07 01:46:36,21.34,974.29
2026-08-07 01:51:36,21.44,974.36
2026-08-07 01:56:36,21.49,974.45
2026-08-07 02:01:36,21.61,974.48
2026-08-07 02:06:36,21.49,974.46
2026-08-07 02:11:36,21.3,974.51
2026-08-07 02:16:36,21.5,974.57
2026-08-07 02:21:36,21.63,974.6
2026-08-07 02:26:36,21.77,974.71
2026-08-07 02:31:36,21.9,974.75
2026-08-07 02:36:36,21.98,974.79
2026-08-07 02:41:36,21.96,974.8
2026-08-07 02:46:36,21.87,974.93
2026-08-07 02:51:36,21.94,974.97
2026-08-07 02:56:36,22.14,975.02
2026-08-07 03:01:36,22.0,974.98
2026-08-07 03:06:36,21.3,974.99
2026-08-07 03:11:36,20.63,975.11
2026-08-07 03:16:36,20.32,975.1
2026-08-07 03:21:36,20.04,975.08
2026-08-07 03:26:36,20.0,975.18
2026-08-07 03:31:36,20.2,975.14
2026-08-07 03:36:36,20.14,975.14
2026-08-07 03:41:36,20.17,975.2
2026-08-07 03:46:36,20.16,975.24
2026-08-07 03:51:36,20.09,975.28
2026-08-07 03:56:36,20.11,975.43
2026-08-07 04:01:36,20.1,975.46
2026-08-07 04:06:36,20.04,975.48
2026-08-07 04:11:36,20.02,975.41
2026-08-07 04:16:36,19.94,975.36
2026-08-07 04:21:36,19.9,975.42
2026-08-07 04:26:36,19.84,975.4
2026-08-07 04:31:36,19.77,975.38
2026-08-07 04:36:36,19.69,975.36
2026-08-07 04:41:36,19.71,975.35
2026-08-07 04:46:36,19.68,975.37
2026-08-07 04:51:36,19.68,975.39
2026-08-07 04:56:36,19.65,975.44
2026-08-07 05:01:36,19.69,975.39
2026-08-07 05:06:36,19.78,975.37
2026-08-07 05:11:36,19.65,975.37
2026-08-07 05:16:36,19.8,975.31
2026-08-07 05:21:36,20.03,975.34
2026-08-07 05:26:36,20.08,975.21
2026-08-07 05:31:36,19.76,975.19
2026-08-07 05:36:36,19.7,975.11
2026-08-07 05:41:37,19.77,975.05
2026-08-07 05:46:37,19.99,974.92
2026-08-07 05:51:37,20.09,974.86
2026-08-07 05:56:37,20.0,974.81
2026-08-07 06:01:37,19.95,974.81
2026-08-07 06:06:37,19.65,974.91
2026-08-07 06:11:37,19.67,974.85
2026-08-07 06:16:37,19.85,974.89
2026-08-07 06:21:37,20.54,974.99
2026-08-07 06:26:37,19.92,975.09
2026-08-07 06:31:37,19.58,975.1
2026-08-07 06:36:37,20.18,975.1
2026-08-07 06:41:37,19.9,975.23
2026-08-07 06:46:37,19.85,975.29
2026-08-07 06:51:37,19.47,975.3
2026-08-07 06:56:37,19.25,975.29
2026-08-07 07:01:37,19.13,975.44
2026-08-07 07:06:37,19.12,975.55
2026-08-07 07:11:37,19.05,975.66
2026-08-07 07:16:37,19.02,975.71
2026-08-07 07:21:37,19.02,975.83
2026-08-07 07:26:37,18.97,976.01
2026-08-07 07:31:37,18.86,976.06
2026-08-07 07:36:37,19.04,976.18
2026-08-07 07:41:37,19.0,976.23
2026-08-07 07:46:37,19.0,976.26
2026-08-07 07:51:37,19.07,976.32
2026-08-07 07:56:37,19.02,976.29
2026-08-07 08:01:37,19.13,976.3
2026-08-07 08:06:37,19.16,976.31
2026-08-07 08:11:37,19.13,976.3
2026-08-07 08:16:37,18.87,976.33
2026-08-07 08:21:37,18.87,976.33
2026-08-07 08:26:37,19.03,976.31
2026-08-07 08:31:37,19.17,976.33
2026-08-07 08:36:37,19.31,976.25
2026-08-07 08:41:37,19.5,976.27
2026-08-07 08:46:37,19.48,976.33
2026-08-07 08:51:37,19.42,976.35
2026-08-07 08:56:37,19.68,976.43
2026-08-07 09:01:37,19.81,976.41
2026-08-07 09:06:37,19.7,976.41
2026-08-07 09:11:37,19.58,976.4
2026-08-07 09:16:37,19.67,976.37
2026-08-07 09:21:37,19.44,976.39
2026-08-07 09:26:37,19.29,976.47
2026-08-07 09:31:37,18.54,976.54
2026-08-07 09:36:37,17.9,976.7
2026-08-07 09:41:37,17.59,976.81
2026-08-07 09:46:37,17.97,976.85
2026-08-07 09:51:37,18.02,976.88
2026-08-07 09:56:37,17.89,976.93
2026-08-07 10:01:37,18.14,976.95
2026-08-07 10:06:37,18.16,976.95
2026-08-07 10:11:37,18.12,977.0
2026-08-07 10:16:37,18.03,977.07
2026-08-07 10:21:37,17.63,977.12
2026-08-07 10:26:37,17.45,977.11
2026-08-07 10:31:37,17.82,977.16
2026-08-07 10:36:37,18.09,977.32
2026-08-07 10:41:37,18.18,977.35
2026-08-07 10:46:37,18.51,977.51
2026-08-07 10:51:37,17.73,977.73
2026-08-07 10:56:37,16.98,977.88
2026-08-07 11:01:37,16.78,977.82
2026-08-07 11:06:37,16.57,977.93
2026-08-07 11:11:37,16.63,977.98
2026-08-07 11:16:37,16.52,978.03
2026-08-07 11:21:37,16.45,978.12
2026-08-07 11:26:37,16.64,978.05
2026-08-07 11:31:37,16.77,978.09
2026-08-07 11:36:37,16.84,978.06
2026-08-07 11:41:37,17.14,978.15
2026-08-07 11:46:37,17.94,978.07
2026-08-07 11:51:37,17.63,978.1
2026-08-07 11:56:37,17.87,978.07
2026-08-07 12:01:37,17.71,978.13
2026-08-07 12:06:37,18.3,978.08
2026-08-07 12:11:37,18.27,978.05
2026-08-07 12:16:37,18.81,978.03
2026-08-07 12:21:37,18.82,978.01
2026-08-07 12:26:37,18.85,978.08
2026-08-07 12:31:37,20.15,978.07
2026-08-07 12:36:37,19.76,978.09
2026-08-07 12:41:37,19.98,978.08
2026-08-07 12:46:37,19.5,978.19
2026-08-07 12:51:37,20.08,978.11
2026-08-07 12:56:37,21.21,978.1
2026-08-07 13:01:37,21.19,978.06
2026-08-07 13:06:37,21.58,978.09
2026-08-07 13:11:37,21.84,978.13
2026-08-07 13:16:37,21.39,978.07
2026-08-07 13:21:37,22.03,978.08
2026-08-07 13:26:37,22.17,978.04
2026-08-07 13:31:37,22.52,978.03
2026-08-07 13:36:37,22.29,978.11
2026-08-07 13:41:37,22.91,977.97
2026-08-07 13:46:37,22.54,977.95
2026-08-07 13:51:37,22.3,977.91
2026-08-07 13:56:37,21.76,977.98
2026-08-07 14:01:37,22.17,977.94
2026-08-07 14:06:37,22.67,977.83
2026-08-07 14:11:37,22.97,977.79
2026-08-07 14:16:37,23.04,977.77
2026-08-07 14:21:37,23.14,977.67
2026-08-07 14:26:37,23.45,977.59
2026-08-07 14:31:37,24.15,977.56
2026-08-07 14:36:37,23.22,977.53
2026-08-07 14:41:37,23.45,977.48
2026-08-07 14:46:37,23.06,977.49
2026-08-07 14:51:37,23.42,977.43
2026-08-07 14:56:37,22.75,977.4
2026-08-07 15:01:37,23.68,977.3
2026-08-07 15:06:37,22.31,977.18
2026-08-07 15:11:37,22.91,977.14
2026-08-07 15:16:37,22.48,977.2
2026-08-07 15:21:37,23.01,977.17
2026-08-07 15:26:37,23.23,977.12
2026-08-07 15:31:37,23.33,977.14
2026-08-07 15:36:37,22.88,977.01
2026-08-07 15:41:37,22.29,976.99
2026-08-07 15:46:37,22.58,976.97
2026-08-07 15:51:37,22.65,976.91
2026-08-07 15:56:37,23.46,976.93
2026-08-07 16:01:37,23.76,976.84
2026-08-07 16:06:37,22.75,976.76
2026-08-07 16:11:37,22.72,976.75
2026-08-07 16:16:37,22.32,976.71
2026-08-07 16:21:37,23.37,976.61
2026-08-07 16:26:37,23.67,976.58
2026-08-07 16:31:37,23.69,976.56
2026-08-07 16:36:37,23.87,976.49
2026-08-07 16:41:37,23.85,976.48
2026-08-07 16:46:37,24.4,976.51
2026-08-07 16:51:37,23.39,976.44
2026-08-07 16:56:37,23.6,976.48
2026-08-07 17:01:37,24.15,976.47
2026-08-07 17:06:37,23.82,976.44
2026-08-07 17:11:37,23.53,976.46
2026-08-07 17:16:37,23.75,976.52
2026-08-07 17:21:37,23.33,976.5
2026-08-07 17:26:37,22.97,976.47
2026-08-07 17:31:37,22.81,976.43
2026-08-07 17:36:37,22.45,976.48
2026-08-07 17:41:37,22.84,976.42
2026-08-07 17:46:37,22.92,976.41
2026-08-07 17:51:37,23.01,976.51
2026-08-07 17:56:37,22.74,976.48
2026-08-07 18:01:37,22.66,976.46
2026-08-07 18:06:37,22.69,976.48
2026-08-07 18:11:37,22.64,976.41
2026-08-07 18:16:37,22.74,976.48
2026-08-07 18:21:37,22.59,976.43
2026-08-07 18:26:37,22.72,976.43
2026-08-07 18:31:37,22.43,976.38
2026-08-07 18:36:37,22.24,976.35
2026-08-07 18:41:37,21.88,976.36
2026-08-07 18:46:37,21.68,976.43
2026-08-07 18:51:37,21.67,976.39
2026-08-07 18:56:37,21.57,976.37
2026-08-07 19:01:37,21.3,976.38
2026-08-07 19:06:37,21.09,976.38
2026-08-07 19:11:37,20.83,976.44
2026-08-07 19:16:37,20.64,976.42
2026-08-07 19:21:37,20.48,976.43
2026-08-07 19:26:37,20.28,976.43
2026-08-07 19:31:37,20.25,976.5
2026-08-07 19:36:37,20.13,976.44
2026-08-07 19:41:37,19.98,976.5
2026-08-07 19:46:37,19.86,976.49
2026-08-07 19:51:37,19.88,976.5
2026-08-07 19:56:37,19.72,976.47
2026-08-07 20:01:37,19.49,976.53
2026-08-07 20:06:37,19.36,976.48
2026-08-07 20:11:37,19.2,976.58
2026-08-07 20:16:37,19.14,976.58
2026-08-07 20:21:37,19.08,976.64
2026-08-07 20:26:37,19.01,976.63
2026-08-07 20:31:37,18.92,976.66
2026-08-07 20:36:37,18.83,976.7
2026-08-07 20:41:37,18.65,976.8
2026-08-07 20:46:37,18.44,976.85
2026-08-07 20:51:37,18.26,976.83
2026-08-07 20:56:37,18.07,976.8
2026-08-07 21:01:37,17.92,976.84
2026-08-07 21:06:37,17.84,976.9
2026-08-07 21:11:37,17.73,976.92
2026-08-07 21:16:37,17.56,976.91
2026-08-07 21:21:37,17.49,976.92
2026-08-07 21:26:37,17.56,976.89
2026-08-07 21:31:37,17.53,976.99
2026-08-07 21:36:37,17.49,977.06
2026-08-07 21:41:37,17.46,977.06
2026-08-07 21:46:37,17.38,977.07
2026-08-07 21:51:37,17.25,977.1
2026-08-07 21:56:37,17.08,977.08
2026-08-07 22:01:37,16.94,977.08
2026-08-07 22:06:37,16.91,977.09
2026-08-07 22:11:37,16.98,977.06
2026-08-07 22:16:37,17.02,977.07
2026-08-07 22:21:37,16.97,977.14
2026-08-07 22:26:37,16.87,977.3
2026-08-07 22:31:37,16.73,977.33
2026-08-07 22:36:37,16.61,977.32
2026-08-07 22:41:37,16.61,977.31
2026-08-07 22:46:37,16.56,977.33
2026-08-07 22:51:37,16.49,977.45
2026-08-07 22:56:37,16.35,977.37
2026-08-07 23:01:37,16.33,977.43
2026-08-07 23:06:37,16.54,977.5
2026-08-07 23:11:37,16.67,977.58
2026-08-07 23:16:37,16.77,977.51
2026-08-07 23:21:37,16.81,977.46
2026-08-07 23:26:37,16.78,977.48
2026-08-07 23:31:37,16.59,977.49
2026-08-07 23:36:37,16.58,977.61
2026-08-07 23:41:37,16.57,977.64
2026-08-07 23:46:37,16.44,977.63
2026-08-07 23:51:37,16.51,977.64
2026-08-07 23:56:37,16.58,977.59
2026-08-08 00:01:37,16.65,977.61
2026-08-08 00:06:37,16.68,977.58
2026-08-08 00:11:37,16.73,977.65
2026-08-08 00:16:37,16.78,977.69
2026-08-08 00:21:37,16.78,977.72
2026-08-08 00:26:37,16.79,977.82
2026-08-08 00:31:37,16.8,977.85
2026-08-08 00:36:37,16.73,977.8
2026-08-08 00:41:37,16.68,977.9
2026-08-08 00:46:37,16.67,977.84
2026-08-08 00:51:37,16.66,977.89
2026-08-08 00:56:37,16.72,977.94
2026-08-08 01:01:37,16.7,977.81
2026-08-08 01:06:37,16.64,977.82
2026-08-08 01:11:37,16.51,977.75
2026-08-08 01:16:37,16.36,977.74
2026-08-08 01:21:37,16.32,977.81
2026-08-08 01:26:37,16.43,977.78
2026-08-08 01:31:37,16.49,977.93
2026-08-08 01:36:37,16.7,977.84
2026-08-08 01:41:37,16.68,977.72
2026-08-08 01:46:37,16.57,977.82
2026-08-08 01:51:37,16.39,977.82
2026-08-08 01:56:37,16.22,977.78
2026-08-08 02:01:37,16.15,977.74
2026-08-08 02:06:37,16.03,977.79
2026-08-08 02:11:37,15.97,977.87
2026-08-08 02:16:37,16.11,978.02
2026-08-08 02:21:37,16.05,978.09
2026-08-08 02:26:37,16.02,978.07
2026-08-08 02:31:37,15.97,978.08
2026-08-08 02:36:37,15.93,978.09
2026-08-08 02:41:37,15.81,978.16
2026-08-08 02:46:37,15.94,978.05
2026-08-08 02:51:37,15.81,978.05
2026-08-08 02:56:37,15.76,978.03
2026-08-08 03:01:37,15.58,977.98
2026-08-08 03:06:37,15.51,977.94
2026-08-08 03:11:37,15.49,977.92
2026-08-08 03:16:37,15.35,978.03
2026-08-08 03:21:37,15.35,978.08
2026-08-08 03:26:37,15.52,978.16
2026-08-08 03:31:37,15.43,978.26
2026-08-08 03:36:37,15.43,978.12
2026-08-08 03:41:37,15.4,978.27
2026-08-08 03:46:37,15.38,978.33
2026-08-08 03:51:37,15.47,978.27
2026-08-08 03:56:37,15.38,978.28
2026-08-08 04:01:37,15.47,978.39
2026-08-08 04:06:37,15.59,978.34
2026-08-08 04:11:37,15.69,978.3
2026-08-08 04:16:37,15.7,978.19
2026-08-08 04:21:37,15.57,978.27
2026-08-08 04:26:37,15.49,978.28
2026-08-08 04:31:37,15.38,978.27
2026-08-08 04:36:37,15.25,978.27
2026-08-08 04:41:37,15.29,978.29
2026-08-08 04:46:37,15.16,978.41
2026-08-08 04:51:37,15.11,978.36
2026-08-08 04:56:37,14.98,978.36
2026-08-08 05:01:37,14.81,978.4
2026-08-08 05:06:37,14.74,978.43
2026-08-08 05:11:37,14.62,978.49
2026-08-08 05:16:37,14.68,978.55
2026-08-08 05:21:37,14.8,978.59
2026-08-08 05:26:37,15.19,978.65
2026-08-08 05:31:37,15.34,978.71
2026-08-08 05:36:37,15.46,978.69
2026-08-08 05:41:37,15.1,978.79
2026-08-08 05:46:37,15.28,978.92
2026-08-08 05:51:37,15.53,978.97
2026-08-08 05:56:37,15.72,978.95
2026-08-08 06:01:37,15.87,979.0
2026-08-08 06:06:37,16.03,979.05
2026-08-08 06:11:37,16.07,979.11
2026-08-08 06:16:37,16.27,979.08
2026-08-08 06:21:37,16.2,979.09
2026-08-08 06:26:37,16.09,979.13
2026-08-08 06:31:37,15.64,979.13
2026-08-08 06:36:37,16.13,978.99
2026-08-08 06:41:37,16.16,979.08
2026-08-08 06:46:37,16.07,979.18
2026-08-08 06:51:37,16.0,979.26
2026-08-08 06:56:37,16.67,979.28
2026-08-08 07:01:37,17.15,979.37
2026-08-08 07:06:37,17.23,979.45
2026-08-08 07:11:37,17.45,979.35
2026-08-08 07:16:37,17.59,979.31
2026-08-08 07:21:37,16.89,979.51
2026-08-08 07:26:37,17.01,979.54
2026-08-08 07:31:37,17.01,979.55
2026-08-08 07:36:37,16.56,979.61
2026-08-08 07:41:37,17.07,979.59
2026-08-08 07:46:37,17.9,979.67
2026-08-08 07:51:37,17.42,979.75
2026-08-08 07:56:37,17.6,979.76
2026-08-08 08:01:37,17.06,979.85
2026-08-08 08:06:37,16.8,979.86
2026-08-08 08:11:37,16.44,979.96
2026-08-08 08:16:37,16.53,979.96
2026-08-08 08:21:37,16.58,979.91
2026-08-08 08:26:37,16.75,979.88
2026-08-08 08:31:37,16.86,979.94
2026-08-08 08:36:37,16.94,979.93
2026-08-08 08:41:37,17.6,979.97
2026-08-08 08:46:37,17.73,979.94
2026-08-08 08:51:37,17.13,980.06
2026-08-08 08:56:37,18.32,980.01
2026-08-08 09:01:37,17.71,980.0
2026-08-08 09:06:37,17.93,980.06
2026-08-08 09:11:38,18.25,980.04
2026-08-08 09:16:38,18.15,980.08
2026-08-08 09:21:38,17.67,980.09
2026-08-08 09:26:38,18.66,980.02
2026-08-08 09:31:38,19.24,980.0
2026-08-08 09:36:38,17.94,980.1
2026-08-08 09:41:38,17.72,980.16
2026-08-08 09:46:38,18.23,980.12
2026-08-08 09:51:38,17.54,980.17
2026-08-08 09:56:38,18.66,980.12
2026-08-08 10:01:38,18.82,980.12
2026-08-08 10:06:38,18.85,980.17
2026-08-08 10:11:38,19.03,980.2
2026-08-08 10:16:38,19.12,980.23
2026-08-08 10:21:38,18.37,980.41
2026-08-08 10:26:38,18.99,980.3
2026-08-08 10:31:38,18.99,980.33
2026-08-08 10:36:38,19.51,980.27
2026-08-08 10:41:38,19.1,980.32
2026-08-08 10:46:38,19.97,980.26
2026-08-08 10:51:38,19.21,980.36
2026-08-08 10:56:38,19.55,980.31
2026-08-08 11:01:38,19.99,980.32
2026-08-08 11:06:38,19.14,980.37
2026-08-08 11:11:38,20.14,980.29
2026-08-08 11:16:38,19.99,980.4
2026-08-08 11:21:38,19.08,980.35
2026-08-08 11:26:38,19.47,980.24
2026-08-08 11:31:38,20.78,980.19
2026-08-08 11:36:38,21.12,980.17
2026-08-08 11:41:38,22.39,980.1
2026-08-08 11:46:38,20.77,980.08
2026-08-08 11:51:38,20.51,980.09
2026-08-08 11:56:38,20.67,980.09
2026-08-08 12:01:38,22.05,980.03
2026-08-08 12:06:38,22.25,979.99
2026-08-08 12:11:38,22.43,979.97
2026-08-08 12:16:38,22.55,979.9
2026-08-08 12:21:38,22.02,979.89
2026-08-08 12:26:38,20.95,979.95
2026-08-08 12:31:38,20.76,979.93
2026-08-08 12:36:38,20.76,979.92
2026-08-08 12:41:38,20.87,979.88
2026-08-08 12:46:38,20.81,979.94
2026-08-08 12:51:38,22.07,979.88
2026-08-08 12:56:38,22.27,979.73
2026-08-08 13:01:38,23.08,979.72
2026-08-08 13:06:38,23.68,979.64
2026-08-08 13:11:38,21.95,979.61
2026-08-08 13:16:38,22.05,979.58
2026-08-08 13:21:38,20.88,979.56
2026-08-08 13:26:38,21.22,979.51
2026-08-08 13:31:38,21.5,979.5
2026-08-08 13:36:38,22.52,979.46
2026-08-08 13:41:38,23.53,979.36
2026-08-08 13:46:38,23.54,979.4
2026-08-08 13:51:38,21.71,979.5
2026-08-08 13:56:38,21.07,979.44
2026-08-08 14:01:38,21.7,979.41
2026-08-08 14:06:38,22.34,979.41
2026-08-08 14:11:38,22.24,979.44
2026-08-08 14:16:38,22.49,979.4
2026-08-08 14:21:38,22.19,979.38
2026-08-08 14:26:38,22.37,979.37
2026-08-08 14:31:38,23.83,979.31
2026-08-08 14:36:38,23.1,979.31
2026-08-08 14:41:38,22.67,979.37
2026-08-08 14:46:38,22.51,979.28
2026-08-08 14:51:38,21.7,979.2
2026-08-08 14:56:38,22.48,979.15
2026-08-08 15:01:38,22.54,979.19
2026-08-08 15:06:38,21.71,979.18
2026-08-08 15:11:38,21.91,979.12
2026-08-08 15:16:38,21.2,979.06
2026-08-08 15:21:38,21.19,979.05
2026-08-08 15:26:38,22.27,979.0
2026-08-08 15:31:38,21.58,978.99
2026-08-08 15:36:38,21.37,978.95
2026-08-08 15:41:38,21.39,978.91
2026-08-08 15:46:38,21.37,978.92
2026-08-08 15:51:38,21.32,978.93
2026-08-08 15:56:38,22.23,978.95
2026-08-08 16:01:38,22.27,978.97
2026-08-08 16:06:38,22.54,978.98
2026-08-08 16:11:38,22.14,978.97
2026-08-08 16:16:38,21.05,978.98
2026-08-08 16:21:38,21.86,978.88
2026-08-08 16:26:38,21.93,978.89
2026-08-08 16:31:38,22.39,978.9
2026-08-08 16:36:38,21.91,978.8
2026-08-08 16:41:38,22.17,978.83
2026-08-08 16:46:38,21.56,978.77
2026-08-08 16:51:38,22.19,978.76
2026-08-08 16:56:38,22.52,978.67
2026-08-08 17:01:38,22.9,978.62
2026-08-08 17:06:38,22.89,978.61
2026-08-08 17:11:38,22.79,978.61
2026-08-08 17:16:38,22.25,978.63
2026-08-08 17:21:38,22.25,978.59
2026-08-08 17:26:38,22.28,978.61
2026-08-08 17:31:38,21.49,978.61
2026-08-08 17:36:38,20.97,978.59
2026-08-08 17:41:38,20.97,978.57
2026-08-08 17:46:38,21.15,978.62
2026-08-08 17:51:38,21.35,978.55
2026-08-08 17:56:38,21.42,978.6
2026-08-08 18:01:38,21.31,978.65
2026-08-08 18:06:38,21.22,978.66
2026-08-08 18:11:38,21.08,978.65
2026-08-08 18:16:38,20.94,978.67
2026-08-08 18:21:38,20.81,978.72
2026-08-08 18:26:38,20.9,978.71
2026-08-08 18:31:38,20.66,978.67
2026-08-08 18:36:38,20.69,978.66
2026-08-08 18:41:38,20.59,978.67
2026-08-08 18:46:38,20.65,978.69
2026-08-08 18:51:38,20.58,978.74
2026-08-08 18:56:38,20.55,978.76
2026-08-08 19:01:38,20.56,978.76
2026-08-08 19:06:38,20.47,978.74
2026-08-08 19:11:38,20.29,978.72
2026-08-08 19:16:38,20.16,978.74
2026-08-08 19:21:38,20.03,978.82
2026-08-08 19:26:38,19.95,978.86
2026-08-08 19:31:38,19.83,978.9
2026-08-08 19:36:38,19.61,978.92
2026-08-08 19:41:38,19.37,978.97
2026-08-08 19:46:38,19.15,979.01
2026-08-08 19:51:38,18.98,979.05
2026-08-08 19:56:38,18.78,979.03
2026-08-08 20:01:38,18.57,979.09
2026-08-08 20:06:38,18.51,979.19
2026-08-08 20:11:38,18.47,979.23
2026-08-08 20:16:38,18.27,979.31
2026-08-08 20:21:38,18.28,979.36
2026-08-08 20:26:38,18.02,979.48
2026-08-08 20:31:38,17.82,979.52
2026-08-08 20:36:38,17.84,979.49
2026-08-08 20:41:38,17.5,979.54
2026-08-08 20:46:38,17.12,979.64
2026-08-08 20:51:38,16.77,979.68
2026-08-08 20:56:38,16.55,979.67
2026-08-08 21:01:38,16.34,979.69
2026-08-08 21:06:38,16.22,979.69
2026-08-08 21:11:38,16.28,979.7
2026-08-08 21:16:38,16.69,979.71
2026-08-08 21:21:38,16.48,979.67
2026-08-08 21:26:38,16.21,979.72
2026-08-08 21:31:38,15.92,979.72
2026-08-08 21:36:38,15.87,979.69
2026-08-08 21:41:38,15.67,979.71
2026-08-08 21:46:38,15.56,979.74
2026-08-08 21:51:38,15.5,979.75
2026-08-08 21:56:38,15.33,979.8
2026-08-08 22:01:38,15.2,979.87
2026-08-08 22:06:38,15.06,979.88
2026-08-08 22:11:38,14.87,979.85
2026-08-08 22:16:38,14.91,979.87
2026-08-08 22:21:38,14.86,979.88
2026-08-08 22:26:38,14.78,979.9
2026-08-08 22:31:38,14.85,979.93
2026-08-08 22:36:38,14.89,979.92
2026-08-08 22:41:38,14.97,979.94
2026-08-08 22:46:38,15.02,979.94
2026-08-08 22:51:38,14.76,979.98
2026-08-08 22:56:38,14.61,980.02
2026-08-08 23:01:38,14.45,980.11
2026-08-08 23:06:38,14.37,980.09
2026-08-08 23:11:38,14.35,980.07
2026-08-08 23:16:38,14.35,980.0
2026-08-08 23:21:38,14.32,980.07
2026-08-08 23:26:38,14.06,980.03
2026-08-08 23:31:38,13.94,980.1
2026-08-08 23:36:38,13.84,980.12
2026-08-08 23:41:38,13.72,980.05
2026-08-08 23:46:38,13.69,980.04
2026-08-08 23:51:38,13.63,980.05
2026-08-08 23:56:38,13.53,980.12
2026-08-09 00:01:38,13.56,980.13
2026-08-09 00:06:38,13.46,980.07
2026-08-09 00:11:38,13.5,980.11
2026-08-09 00:16:38,13.59,980.13
2026-08-09 00:21:38,13.73,980.12
2026-08-09 00:26:38,13.84,980.01
2026-08-09 00:31:38,13.77,980.02
2026-08-09 00:36:38,13.74,979.98
2026-08-09 00:41:38,13.64,979.94
2026-08-09 00:46:38,13.64,979.88
2026-08-09 00:51:38,13.54,979.88
2026-08-09 00:56:38,13.51,979.84
2026-08-09 01:01:38,13.47,979.79
2026-08-09 01:06:38,13.42,979.8
2026-08-09 01:11:38,13.4,979.74
2026-08-09 01:16:38,13.46,979.73
2026-08-09 01:21:38,13.42,979.74
2026-08-09 01:26:38,13.41,979.75
2026-08-09 01:31:38,13.36,979.77
2026-08-09 01:36:38,13.37,979.77
2026-08-09 01:41:38,13.39,979.7
2026-08-09 01:46:38,13.34,979.67
2026-08-09 01:51:38,13.2,979.67
2026-08-09 01:56:38,13.11,979.68
2026-08-09 02:01:38,13.05,979.57
2026-08-09 02:06:38,12.99,979.54
2026-08-09 02:11:38,12.87,979.51
2026-08-09 02:16:38,12.83,979.47
2026-08-09 02:21:38,12.78,979.57
2026-08-09 02:26:38,12.68,979.6
2026-08-09 02:31:38,12.6,979.66
2026-08-09 02:36:38,12.56,979.58
2026-08-09 02:41:38,12.59,979.59
2026-08-09 02:46:38,12.6,979.57
2026-08-09 02:51:38,12.62,979.57
2026-08-09 02:56:38,12.62,979.52
2026-08-09 03:01:38,12.59,979.43
2026-08-09 03:06:38,12.54,979.44
2026-08-09 03:11:38,12.54,979.41
2026-08-09 03:16:38,12.52,979.4
2026-08-09 03:21:38,12.43,979.38
2026-08-09 03:26:38,12.38,979.32
2026-08-09 03:31:38,12.38,979.33
2026-08-09 03:36:38,12.35,979.27
2026-08-09 03:41:38,12.39,979.22
2026-08-09 03:46:38,12.43,979.17
2026-08-09 03:51:38,12.45,979.07
2026-08-09 03:56:38,12.33,979.1
2026-08-09 04:01:38,12.19,979.07
2026-08-09 04:06:38,12.1,979.08
2026-08-09 04:11:38,11.97,979.14
2026-08-09 04:16:38,11.86,979.06
2026-08-09 04:21:38,11.72,979.01
2026-08-09 04:26:38,11.58,978.96
2026-08-09 04:31:38,11.47,979.02
2026-08-09 04:36:38,11.38,979.01
2026-08-09 04:41:38,11.35,979.01
2026-08-09 04:46:38,11.27,979.0
2026-08-09 04:51:38,11.2,979.02
2026-08-09 04:56:38,11.11,979.04
2026-08-09 05:01:38,11.05,979.03
2026-08-09 05:06:38,11.1,979.01
2026-08-09 05:11:38,11.19,979.01
2026-08-09 05:16:38,11.26,979.01
2026-08-09 05:21:38,11.29,979.01
2026-08-09 05:26:38,11.34,979.06
2026-08-09 05:31:38,11.33,979.08
2026-08-09 05:36:38,11.37,979.16
2026-08-09 05:41:38,11.41,979.22
2026-08-09 05:46:38,11.62,979.2
2026-08-09 05:51:38,11.65,979.27
2026-08-09 05:56:38,11.62,979.28
2026-08-09 06:01:38,11.76,979.23
2026-08-09 06:06:38,11.75,979.25
2026-08-09 06:11:38,11.75,979.32
2026-08-09 06:16:38,11.79,979.23
2026-08-09 06:21:38,11.79,979.3
2026-08-09 06:26:38,11.86,979.27
2026-08-09 06:31:38,11.94,979.3
2026-08-09 06:36:38,12.14,979.29
2026-08-09 06:41:38,12.18,979.23
2026-08-09 06:46:38,12.22,979.27
2026-08-09 06:51:38,12.47,979.25
2026-08-09 06:56:38,12.47,979.21
2026-08-09 07:01:38,12.71,979.15
2026-08-09 07:06:38,12.81,979.17
2026-08-09 07:11:38,13.11,979.2
2026-08-09 07:16:38,13.38,979.1
2026-08-09 07:21:38,13.71,978.99
2026-08-09 07:26:38,14.08,978.97
2026-08-09 07:31:38,14.81,979.06
2026-08-09 07:36:38,15.52,979.11
2026-08-09 07:41:38,16.79,979.09
2026-08-09 07:46:38,17.02,978.91
2026-08-09 07:51:38,17.1,978.9
2026-08-09 07:56:38,17.44,978.94
2026-08-09 08:01:38,17.67,979.0
2026-08-09 08:06:38,17.89,979.04
2026-08-09 08:11:38,18.29,979.01
2026-08-09 08:16:38,18.72,978.99
2026-08-09 08:21:38,19.06,978.98
2026-08-09 08:26:38,19.26,979.06
2026-08-09 08:31:38,19.17,979.07
2026-08-09 08:36:38,19.27,979.07
2026-08-09 08:41:38,19.44,979.01
2026-08-09 08:46:38,19.54,979.05
2026-08-09 08:51:38,19.68,979.06
2026-08-09 08:56:38,19.77,979.06
2026-08-09 09:01:38,19.87,979.09
2026-08-09 09:06:38,19.81,979.13
2026-08-09 09:11:38,19.77,979.11
2026-08-09 09:16:38,19.77,979.05
2026-08-09 09:21:38,19.9,979.08
2026-08-09 09:26:38,19.47,979.1
2026-08-09 09:31:38,19.42,979.13
2026-08-09 09:36:38,18.98,979.18
2026-08-09 09:41:38,19.54,979.07
2026-08-09 09:46:38,20.05,979.06
2026-08-09 09:51:38,20.46,979.03
2026-08-09 09:56:38,20.63,979.09
2026-08-09 10:01:38,20.09,979.08
2026-08-09 10:06:38,20.19,979.0
2026-08-09 10:11:38,20.81,978.86
2026-08-09 10:16:38,20.38,978.89
2026-08-09 10:21:38,20.77,978.84
2026-08-09 10:26:38,20.66,978.75
2026-08-09 10:31:38,20.02,978.75
2026-08-09 10:36:38,20.22,978.59
2026-08-09 10:41:38,20.06,978.55
2026-08-09 10:46:38,20.41,978.56
2026-08-09 10:51:38,20.6,978.6
2026-08-09 10:56:38,20.76,978.55
2026-08-09 11:01:38,21.18,978.63
2026-08-09 11:06:38,20.5,978.65
2026-08-09 11:11:38,20.99,978.56
2026-08-09 11:16:38,21.42,978.51
2026-08-09 11:21:38,21.56,978.47
2026-08-09 11:26:38,21.61,978.4
2026-08-09 11:31:38,21.78,978.35
2026-08-09 11:36:38,21.59,978.32
2026-08-09 11:41:38,21.53,978.3
2026-08-09 11:46:38,22.17,978.28
2026-08-09 11:51:38,22.03,978.24
2026-08-09 11:56:38,22.2,978.22
2026-08-09 12:01:38,22.03,978.23
2026-08-09 12:06:38,21.93,978.25
2026-08-09 12:11:38,21.95,978.22
2026-08-09 12:16:38,22.51,978.1
2026-08-09 12:21:38,22.83,978.04
2026-08-09 12:26:38,22.74,977.98
2026-08-09 12:31:38,22.34,977.91
2026-08-09 12:36:38,22.54,977.95
2026-08-09 12:41:38,22.46,977.8
2026-08-09 12:46:38,22.53,977.79
2026-08-09 12:51:38,22.63,977.67
2026-08-09 12:56:38,22.95,977.74
2026-08-09 13:01:38,22.5,977.67
2026-08-09 13:06:38,22.71,977.68
2026-08-09 13:11:38,23.37,977.58
2026-08-09 13:16:38,23.37,977.56
2026-08-09 13:21:38,23.01,977.56
2026-08-09 13:26:38,23.22,977.54
2026-08-09 13:31:38,23.28,977.4
2026-08-09 13:36:38,23.01,977.41
2026-08-09 13:41:38,23.49,977.4
2026-08-09 13:46:38,23.57,977.39
2026-08-09 13:51:38,23.46,977.33
2026-08-09 13:56:38,23.89,977.25
2026-08-09 14:01:38,24.05,977.29
2026-08-09 14:06:38,23.71,977.25
2026-08-09 14:11:38,23.99,977.18
2026-08-09 14:16:38,23.79,977.17
2026-08-09 14:21:38,23.92,977.13
2026-08-09 14:26:38,24.04,977.02
2026-08-09 14:31:38,23.99,977.0
2026-08-09 14:36:38,23.91,976.97
2026-08-09 14:41:38,24.06,976.96
2026-08-09 14:46:38,24.02,976.95
2026-08-09 14:51:38,24.05,976.88
2026-08-09 14:56:38,24.08,976.8
2026-08-09 15:01:38,24.6,976.79
2026-08-09 15:06:38,24.45,976.73
2026-08-09 15:11:38,24.57,976.65
2026-08-09 15:16:38,24.45,976.65
2026-08-09 15:21:38,24.39,976.6
2026-08-09 15:26:38,24.58,976.56
2026-08-09 15:31:38,24.62,976.45
2026-08-09 15:36:38,24.77,976.37
2026-08-09 15:41:38,24.29,976.37
2026-08-09 15:46:38,24.57,976.26
2026-08-09 15:51:38,24.46,976.22
2026-08-09 15:56:38,24.42,976.2
2026-08-09 16:01:38,24.52,976.13
2026-08-09 16:06:38,24.15,976.07
2026-08-09 16:11:38,24.07,976.04
2026-08-09 16:16:38,24.7,975.93
2026-08-09 16:21:38,24.76,975.82
2026-08-09 16:26:38,24.59,975.86
2026-08-09 16:31:38,24.44,975.78
2026-08-09 16:36:38,24.64,975.75
2026-08-09 16:41:38,24.81,975.78
2026-08-09 16:46:38,24.54,975.8
2026-08-09 16:51:38,24.64,975.73
2026-08-09 16:56:38,24.64,975.69
2026-08-09 17:01:38,24.51,975.67
2026-08-09 17:06:38,24.71,975.7
2026-08-09 17:11:38,24.34,975.62
2026-08-09 17:16:38,24.4,975.59
2026-08-09 17:21:38,24.45,975.63
2026-08-09 17:26:38,24.39,975.61
2026-08-09 17:31:38,24.37,975.58
2026-08-09 17:36:38,24.3,975.45
2026-08-09 17:41:38,24.2,975.46
2026-08-09 17:46:38,24.28,975.5
2026-08-09 17:51:38,24.09,975.46
2026-08-09 17:56:38,23.99,975.41
2026-08-09 18:01:38,23.9,975.36
2026-08-09 18:06:38,23.77,975.37
2026-08-09 18:11:38,23.58,975.26
2026-08-09 18:16:38,23.49,975.21
2026-08-09 18:21:38,23.44,975.17
2026-08-09 18:26:38,23.47,975.18
2026-08-09 18:31:38,23.46,975.11
2026-08-09 18:36:38,23.33,975.04
2026-08-09 18:41:38,23.19,974.92
2026-08-09 18:46:38,22.99,974.97
2026-08-09 18:51:38,22.74,974.93
2026-08-09 18:56:38,22.6,974.85
2026-08-09 19:01:38,22.47,974.92
2026-08-09 19:06:38,22.36,974.91
2026-08-09 19:11:55,22.31,974.93
2026-08-09 19:16:47,22.15,975.01
2026-08-09 19:21:48,22.07,974.98
2026-08-09 19:26:48,22.0,974.99
2026-08-09 19:31:48,21.76,974.95
2026-08-09 19:36:48,21.44,974.98
2026-08-09 19:41:48,21.1,975.03
2026-08-09 19:46:48,20.86,975.0
2026-08-09 19:51:48,20.65,975.02
2026-08-09 19:56:48,20.54,975.01
2026-08-09 20:01:48,20.4,975.0
2026-08-09 20:06:48,20.26,975.05
2026-08-09 20:11:48,19.99,975.07
2026-08-09 20:16:48,19.84,975.17
2026-08-09 20:21:48,19.66,975.17
2026-08-09 20:26:48,19.4,975.12
2026-08-09 20:31:48,19.13,975.07
2026-08-09 20:36:48,18.94,975.1
2026-08-09 20:41:48,18.76,975.13
2026-08-09 20:46:48,18.61,975.15
2026-08-09 20:51:48,18.52,975.18
2026-08-09 20:56:48,18.47,975.2
2026-08-09 21:01:48,18.39,975.15
2026-08-09 21:06:48,18.32,975.18
2026-08-09 21:11:48,18.16,975.2
2026-08-09 21:16:48,18.0,975.2
2026-08-09 21:21:48,17.87,975.17
2026-08-09 21:26:48,17.75,975.21
2026-08-09 21:31:48,17.74,975.26
2026-08-09 21:36:48,17.71,975.27
2026-08-09 21:41:48,17.67,975.31
2026-08-09 21:46:48,17.63,975.34
2026-08-09 21:51:48,17.61,975.24
2026-08-09 21:56:48,17.74,975.24
2026-08-09 22:01:48,17.89,975.13
2026-08-09 22:06:48,18.03,975.17
2026-08-09 22:11:48,18.08,975.17
2026-08-09 22:16:48,18.03,975.21
2026-08-09 22:21:48,18.08,975.17
2026-08-09 22:26:48,18.03,975.17
2026-08-09 22:31:48,17.93,975.17
2026-08-09 22:36:48,17.92,975.12
2026-08-09 22:41:48,17.92,975.09
2026-08-09 22:46:48,17.9,975.08
2026-08-09 22:51:48,17.85,975.02
2026-08-09 22:56:48,17.77,975.04
2026-08-09 23:01:48,17.87,975.08
2026-08-09 23:06:48,17.76,975.12
2026-08-09 23:11:48,17.68,975.23
2026-08-09 23:16:48,17.54,975.2
2026-08-09 23:21:48,17.46,975.25
2026-08-09 23:26:48,17.38,975.2
2026-08-09 23:31:48,17.21,975.18
2026-08-09 23:36:48,17.0,975.13
2026-08-09 23:41:48,16.88,975.13
2026-08-09 23:46:48,16.78,975.11
2026-08-09 23:51:48,16.63,975.06
2026-08-09 23:56:48,16.61,975.02
2026-08-10 00:01:48,16.57,975.06
2026-08-10 00:06:48,16.46,975.08
2026-08-10 00:11:48,16.41,975.07
2026-08-10 00:16:48,16.55,975.04
2026-08-10 00:21:48,16.49,975.05
2026-08-10 00:26:48,16.4,975.12
2026-08-10 00:31:48,16.37,975.09
2026-08-10 00:36:48,16.48,975.06
2026-08-10 00:41:48,16.5,975.08
2026-08-10 00:46:48,16.29,975.11
2026-08-10 00:51:48,16.48,975.0
2026-08-10 00:56:48,16.19,975.04
2026-08-10 01:01:48,16.25,974.99
2026-08-10 01:06:48,16.29,975.01
2026-08-10 01:11:48,16.01,974.97
2026-08-10 01:16:48,16.07,975.01
2026-08-10 01:21:48,15.99,974.9
2026-08-10 01:26:48,16.03,974.94
2026-08-10 01:31:48,15.96,974.89
2026-08-10 01:36:48,15.85,974.86
2026-08-10 01:41:48,15.65,974.82
2026-08-10 01:46:48,15.69,974.75
2026-08-10 01:51:48,15.8,974.75
2026-08-10 01:56:48,15.87,974.67
2026-08-10 02:01:48,15.73,974.7
2026-08-10 02:06:48,15.61,974.55
2026-08-10 02:11:48,15.63,974.54
2026-08-10 02:16:48,15.56,974.49
2026-08-10 02:21:48,15.55,974.37
2026-08-10 02:26:48,15.38,974.35
2026-08-10 02:31:48,15.32,974.32
2026-08-10 02:36:48,15.05,974.27
2026-08-10 02:41:48,15.41,974.19
2026-08-10 02:46:48,15.41,974.23
2026-08-10 02:51:48,15.48,974.25
2026-08-10 02:56:48,15.11,974.25
2026-08-10 03:01:48,14.94,974.12
2026-08-10 03:06:48,14.76,974.1
2026-08-10 03:11:48,14.69,974.02
2026-08-10 03:16:48,14.83,974.02
2026-08-10 03:21:48,14.69,974.08
2026-08-10 03:26:48,14.79,974.03
2026-08-10 03:31:48,14.59,974.06
2026-08-10 03:36:48,14.63,974.11
2026-08-10 03:41:48,14.62,974.14
2026-08-10 03:46:48,14.67,974.14
2026-08-10 03:51:48,14.62,974.16
2026-08-10 03:56:48,14.82,974.15
2026-08-10 04:01:48,14.8,974.15
2026-08-10 04:06:48,14.48,974.0
2026-08-10 04:11:48,14.55,973.95
2026-08-10 04:16:48,14.52,973.92
2026-08-10 04:21:48,14.53,973.86
2026-08-10 04:26:48,14.46,973.87
2026-08-10 04:31:48,14.35,973.94
2026-08-10 04:36:48,14.48,973.86
2026-08-10 04:41:48,14.47,973.88
2026-08-10 04:46:48,14.49,973.84
2026-08-10 04:51:48,14.5,973.89
2026-08-10 04:56:48,14.73,973.82
2026-08-10 05:01:48,14.61,973.85
2026-08-10 05:06:48,14.4,973.91
2026-08-10 05:11:48,14.58,973.89
2026-08-10 05:16:48,14.79,973.88
2026-08-10 05:21:48,14.97,973.78
2026-08-10 05:26:48,14.87,973.85
2026-08-10 05:31:48,14.64,973.69
2026-08-10 05:36:48,14.94,973.69
2026-08-10 05:41:48,14.6,973.75
2026-08-10 05:46:48,14.5,973.75
2026-08-10 05:51:48,14.6,973.72
2026-08-10 05:56:48,14.72,973.57
2026-08-10 06:01:48,14.92,973.51
2026-08-10 06:06:48,14.74,973.57
2026-08-10 06:11:48,13.95,973.58
2026-08-10 06:16:48,13.72,973.65
2026-08-10 06:21:48,13.66,973.62
2026-08-10 06:26:48,13.67,973.58
2026-08-10 06:31:48,13.78,973.55
2026-08-10 06:36:48,13.93,973.59
2026-08-10 06:41:48,14.09,973.62
2026-08-10 06:46:48,14.16,973.6
2026-08-10 06:51:48,14.36,973.57
2026-08-10 06:56:48,14.63,973.66
2026-08-10 07:01:48,14.68,973.61
2026-08-10 07:06:48,14.77,973.56
2026-08-10 07:11:48,14.97,973.55
2026-08-10 07:16:48,15.13,973.58
2026-08-10 07:21:48,15.48,973.58
2026-08-10 07:26:48,15.96,973.66
2026-08-10 07:31:48,16.54,973.6
2026-08-10 07:36:48,16.94,973.63
2026-08-10 07:41:48,17.23,973.63
2026-08-10 07:46:48,17.48,973.64
2026-08-10 07:51:48,17.82,973.76
2026-08-10 07:56:48,17.99,973.74
2026-08-10 08:01:48,18.17,973.72
2026-08-10 08:06:48,18.52,973.71
2026-08-10 08:11:48,18.98,973.65
2026-08-10 08:16:48,19.35,973.58
2026-08-10 08:21:48,19.51,973.59
2026-08-10 08:26:48,19.62,973.61
2026-08-10 08:31:48,19.77,973.59
2026-08-10 08:36:48,20.04,973.64
2026-08-10 08:41:48,20.5,973.61
2026-08-10 08:46:48,20.94,973.71
2026-08-10 08:51:48,21.35,973.58
2026-08-10 08:56:48,21.6,973.66
2026-08-10 09:01:48,21.7,973.58
2026-08-10 09:06:48,22.0,973.51
2026-08-10 09:11:48,22.26,973.37
2026-08-10 09:16:48,22.75,973.27
2026-08-10 09:21:48,23.49,973.31
2026-08-10 09:26:48,24.33,973.25
2026-08-10 09:31:48,24.4,973.24
2026-08-10 09:36:48,24.77,973.16
2026-08-10 09:41:48,25.62,973.11
2026-08-10 09:46:48,25.92,973.02
2026-08-10 09:51:48,26.03,972.99
2026-08-10 09:56:48,26.23,972.93
2026-08-10 10:01:48,26.36,972.93
2026-08-10 10:06:48,26.63,972.93
2026-08-10 10:11:48,26.64,972.99
2026-08-10 10:16:48,26.7,972.98
2026-08-10 10:21:48,26.83,972.98
2026-08-10 10:26:48,26.74,972.99
2026-08-10 10:31:48,26.7,972.91
2026-08-10 10:36:48,26.62,972.93
2026-08-10 10:41:48,26.65,972.92
2026-08-10 10:46:48,27.1,972.95
2026-08-10 10:51:48,26.91,973.01
2026-08-10 10:56:48,26.76,972.98
2026-08-10 11:01:48,27.13,972.99
2026-08-10 11:06:48,27.51,972.95
2026-08-10 11:11:48,27.99,972.93
2026-08-10 11:16:48,28.47,972.97
2026-08-10 11:21:48,28.34,973.06
2026-08-10 11:26:48,28.28,973.04
2026-08-10 11:31:48,28.17,972.96
2026-08-10 11:36:48,28.04,972.96
2026-08-10 11:41:48,27.82,973.05
2026-08-10 11:46:48,27.88,973.04
2026-08-10 11:51:48,27.8,973.0
2026-08-10 11:56:48,27.94,973.07
2026-08-10 12:01:48,28.14,972.99
2026-08-10 12:06:48,28.23,972.96
2026-08-10 12:11:48,28.55,972.98
2026-08-10 12:16:48,28.46,972.93
2026-08-10 12:21:48,28.7,972.99
2026-08-10 12:26:48,29.08,972.9
2026-08-10 12:31:48,29.36,972.81
2026-08-10 12:36:48,29.23,972.85
2026-08-10 12:41:48,29.01,972.89
2026-08-10 12:46:48,28.92,972.86
2026-08-10 12:51:48,29.02,972.87
2026-08-10 12:56:48,29.1,972.83
2026-08-10 13:01:48,28.48,972.73
2026-08-10 13:06:48,27.88,972.78
2026-08-10 13:11:48,27.68,972.81
2026-08-10 13:16:48,27.65,972.77
2026-08-10 13:21:48,27.84,972.73
2026-08-10 13:26:48,27.91,972.75
2026-08-10 13:31:48,27.82,972.78
2026-08-10 13:36:48,27.25,972.71
2026-08-10 13:41:48,26.98,972.64
2026-08-10 13:46:48,26.61,972.69
2026-08-10 13:51:48,26.5,972.73
2026-08-10 13:56:48,26.52,972.7
2026-08-10 14:01:48,27.01,972.67
2026-08-10 14:06:48,27.29,972.63
2026-08-10 14:11:48,27.8,972.77
2026-08-10 14:16:48,27.88,972.51
2026-08-10 14:21:48,27.69,972.51
2026-08-10 14:26:48,28.14,972.47
2026-08-10 14:31:48,28.63,972.48
2026-08-10 14:36:48,29.2,972.43
2026-08-10 14:41:48,29.8,972.34
2026-08-10 14:46:48,29.42,972.32
2026-08-10 14:51:48,29.19,972.24
2026-08-10 14:56:48,28.72,972.27
2026-08-10 15:01:48,28.3,972.13
2026-08-10 15:06:48,28.36,972.05
2026-08-10 15:11:48,28.51,971.97
2026-08-10 15:16:48,28.46,971.97
2026-08-10 15:21:48,28.54,971.91
2026-08-10 15:26:48,28.52,971.89
2026-08-10 15:31:48,28.05,971.86
2026-08-10 15:36:48,28.13,971.89
2026-08-10 15:41:48,28.22,971.82
2026-08-10 15:46:48,28.63,971.74
2026-08-10 15:51:48,28.66,971.76
2026-08-10 15:56:48,29.06,971.81
2026-08-10 16:01:48,29.39,971.72
2026-08-10 16:06:48,29.27,971.63
2026-08-10 16:11:48,29.09,971.57
2026-08-10 16:16:48,28.59,971.57
2026-08-10 16:21:48,28.41,971.59
2026-08-10 16:26:48,27.86,971.7
2026-08-10 16:31:48,27.92,971.64
2026-08-10 16:36:48,27.78,971.65
2026-08-10 16:41:48,27.96,971.62
2026-08-10 16:46:48,27.76,971.57
2026-08-10 16:51:48,27.52,971.55
2026-08-10 16:56:48,27.61,971.56
2026-08-10 17:01:48,27.77,971.61
2026-08-10 17:06:48,27.98,971.63
2026-08-10 17:11:48,27.7,971.56
2026-08-10 17:16:48,27.48,971.6
2026-08-10 17:21:48,27.15,971.53
2026-08-10 17:26:48,26.78,971.56
2026-08-10 17:31:48,26.76,971.51
2026-08-10 17:36:48,27.0,971.4
2026-08-10 17:41:48,26.92,971.4
2026-08-10 17:46:48,26.58,971.35
2026-08-10 17:51:48,26.33,971.31
2026-08-10 17:56:48,26.12,971.32
2026-08-10 18:01:48,26.29,971.29
2026-08-10 18:06:48,26.1,971.22
2026-08-10 18:11:48,26.13,971.19
2026-08-10 18:16:48,26.11,971.21
2026-08-10 18:21:48,25.95,971.16
2026-08-10 18:26:48,26.04,971.11
2026-08-10 18:31:48,26.0,971.05
2026-08-10 18:36:48,25.81,971.13
2026-08-10 18:41:48,25.63,971.09
2026-08-10 18:46:48,25.49,971.07
2026-08-10 18:51:48,25.37,971.07
2026-08-10 18:56:48,25.2,971.09
2026-08-10 19:01:48,25.08,971.05
2026-08-10 19:06:48,24.99,971.03
2026-08-10 19:11:48,24.82,971.05
2026-08-10 19:16:48,24.68,971.08
2026-08-10 19:21:48,24.47,971.08
2026-08-10 19:26:48,24.29,971.12
2026-08-10 19:31:48,24.13,971.08
2026-08-10 19:36:48,24.04,971.07
2026-08-10 19:41:48,23.97,971.07
2026-08-10 19:46:48,23.84,971.03
2026-08-10 19:51:48,23.73,971.07
2026-08-10 19:56:48,23.58,971.09
2026-08-10 20:01:48,23.45,971.09
2026-08-10 20:06:48,23.3,971.15
2026-08-10 20:11:48,23.19,971.12
2026-08-10 20:16:48,23.1,971.08
2026-08-10 20:21:48,22.97,971.08
2026-08-10 20:26:48,22.9,971.07
2026-08-10 20:31:48,22.84,971.17
2026-08-10 20:36:48,22.74,971.23
2026-08-10 20:41:48,22.62,971.23
2026-08-10 20:46:48,22.56,971.27
2026-08-10 20:51:48,22.47,971.36
2026-08-10 20:56:48,22.32,971.33
2026-08-10 21:01:48,22.25,971.31
2026-08-10 21:06:48,22.28,971.31
2026-08-10 21:11:48,22.27,971.36
2026-08-10 21:16:48,22.29,971.4
2026-08-10 21:21:48,22.31,971.36
2026-08-10 21:26:48,22.17,971.42
2026-08-10 21:31:48,22.05,971.33
2026-08-10 21:36:48,22.04,971.34
2026-08-10 21:41:48,22.07,971.4
2026-08-10 21:46:48,22.12,971.42
2026-08-10 21:51:48,22.07,971.45
2026-08-10 21:56:48,22.02,971.4
2026-08-10 22:01:48,21.97,971.39
2026-08-10 22:06:48,21.83,971.45
2026-08-10 22:11:48,21.65,971.31
2026-08-10 22:16:48,21.55,971.24
2026-08-10 22:21:48,21.47,971.31
2026-08-10 22:26:48,21.51,971.32
2026-08-10 22:31:48,21.48,971.3
2026-08-10 22:36:48,21.4,971.3
2026-08-10 22:41:48,21.41,971.33
2026-08-10 22:46:48,21.44,971.29
2026-08-10 22:51:48,21.39,971.24
2026-08-10 22:56:48,21.4,971.26
2026-08-10 23:01:48,21.28,971.26
2026-08-10 23:06:48,21.17,971.18
2026-08-10 23:11:48,21.02,971.17
2026-08-10 23:16:48,20.87,971.14
2026-08-10 23:21:48,20.76,971.16
2026-08-10 23:26:48,20.7,971.12
2026-08-10 23:31:48,20.63,971.09
2026-08-10 23:36:48,20.62,971.02
2026-08-10 23:41:48,20.59,971.06
2026-08-10 23:46:48,20.46,971.05
2026-08-10 23:51:48,20.42,971.12
2026-08-10 23:56:48,20.53,971.11
2026-08-11 00:01:48,20.44,971.1
2026-08-11 00:06:48,20.29,971.1
2026-08-11 00:11:48,20.19,971.15
2026-08-11 00:16:48,19.94,971.15
2026-08-11 00:21:48,19.75,971.11
2026-08-11 00:26:48,19.78,971.07
2026-08-11 00:31:48,19.86,971.01
2026-08-11 00:36:48,19.94,971.03
2026-08-11 00:41:48,19.96,971.04
2026-08-11 00:46:48,19.96,971.02
2026-08-11 00:51:48,19.99,971.09
2026-08-11 00:56:48,19.96,971.08
2026-08-11 01:01:48,19.96,971.11
2026-08-11 01:06:48,20.03,971.15
2026-08-11 01:11:48,20.2,971.13
2026-08-11 01:16:48,20.38,971.3
2026-08-11 01:21:48,20.93,972.03
2026-08-11 01:26:48,21.0,972.12
2026-08-11 01:31:48,20.98,971.99
2026-08-11 01:36:48,20.86,972.06
2026-08-11 01:41:48,20.7,971.99
2026-08-11 01:46:48,20.5,972.06
2026-08-11 01:51:48,20.52,972.17
2026-08-11 01:56:48,21.4,972.24
2026-08-11 02:01:48,21.49,972.56
2026-08-11 02:06:48,21.5,972.73
2026-08-11 02:11:48,21.18,972.93
2026-08-11 02:16:48,20.97,973.11
2026-08-11 02:21:48,20.76,973.16
2026-08-11 02:26:48,20.58,973.34
2026-08-11 02:31:48,20.34,973.63
2026-08-11 02:36:48,20.08,973.74
2026-08-11 02:41:48,19.88,973.91
2026-08-11 02:46:48,19.63,974.06
2026-08-11 02:51:48,19.45,974.24
2026-08-11 02:56:48,19.3,974.35
2026-08-11 03:01:48,19.09,974.4
2026-08-11 03:06:48,18.86,974.42
2026-08-11 03:11:48,18.73,974.51
2026-08-11 03:16:48,18.56,974.66
2026-08-11 03:21:48,18.38,974.66
2026-08-11 03:26:48,18.33,974.73
2026-08-11 03:31:48,18.18,974.84
2026-08-11 03:36:48,18.07,974.89
2026-08-11 03:41:48,17.94,975.08
2026-08-11 03:46:48,17.91,975.1
2026-08-11 03:51:48,17.8,975.25
2026-08-11 03:56:48,17.69,975.34
2026-08-11 04:01:48,17.63,975.2
2026-08-11 04:06:48,17.66,975.3
2026-08-11 04:11:48,17.64,975.24
2026-08-11 04:16:48,17.59,975.26
2026-08-11 04:21:48,17.47,975.33
2026-08-11 04:26:48,17.37,975.42
2026-08-11 04:31:48,17.25,975.43
2026-08-11 04:36:48,17.09,975.48
2026-08-11 04:41:48,17.01,975.47
2026-08-11 04:46:48,16.94,975.49
2026-08-11 04:51:48,16.84,975.63
2026-08-11 04:56:48,16.82,975.63
2026-08-11 05:01:48,16.76,975.7
2026-08-11 05:06:48,16.61,975.76
2026-08-11 05:11:48,16.57,975.79
2026-08-11 05:16:48,16.42,975.97
2026-08-11 05:21:49,16.27,976.01
2026-08-11 05:26:49,16.16,976.09
2026-08-11 05:31:49,16.16,976.16
2026-08-11 05:36:49,16.13,976.13
2026-08-11 05:41:49,16.17,976.23
2026-08-11 05:46:49,16.16,976.29
2026-08-11 05:51:49,16.38,976.33
2026-08-11 05:56:49,16.41,976.43
2026-08-11 06:01:49,16.62,976.54
2026-08-11 06:06:49,16.8,976.5
2026-08-11 06:11:49,16.81,976.52
2026-08-11 06:16:49,17.01,976.53
2026-08-11 06:21:49,17.24,976.54
2026-08-11 06:26:49,17.46,976.65
2026-08-11 06:31:49,17.63,976.74
2026-08-11 06:36:49,17.88,976.83
2026-08-11 06:41:49,17.84,976.81
2026-08-11 06:46:49,17.93,976.71
2026-08-11 06:51:49,17.54,976.8
2026-08-11 06:56:49,17.84,976.91
2026-08-11 07:01:49,17.97,976.86
2026-08-11 07:06:49,18.1,976.96
2026-08-11 07:11:49,18.24,977.01
2026-08-11 07:16:49,18.25,976.99
2026-08-11 07:21:49,17.71,977.07
2026-08-11 07:26:49,17.64,977.1
2026-08-11 07:31:49,17.87,977.07
2026-08-11 07:36:49,17.96,977.25
2026-08-11 07:41:49,18.01,977.24
2026-08-11 07:46:49,18.09,977.35
2026-08-11 07:51:49,18.24,977.41
2026-08-11 07:56:49,17.86,977.42
2026-08-11 08:01:49,17.99,977.39
2026-08-11 08:06:49,18.05,977.51
2026-08-11 08:11:49,18.02,977.59
2026-08-11 08:16:49,17.7,977.62
2026-08-11 08:21:49,18.0,977.63
2026-08-11 08:26:49,18.43,977.69
2026-08-11 08:31:49,18.62,977.74
2026-08-11 08:36:49,18.72,977.84
2026-08-11 08:41:49,19.02,977.79
2026-08-11 08:46:49,18.26,977.82
2026-08-11 08:51:49,18.44,977.8
2026-08-11 08:56:49,18.81,977.85
2026-08-11 09:01:49,19.17,977.91
2026-08-11 09:06:49,18.77,977.95
2026-08-11 09:11:49,19.17,978.1
2026-08-11 09:16:49,19.31,978.06
2026-08-11 09:21:49,19.28,978.18
2026-08-11 09:26:49,19.95,978.15
2026-08-11 09:31:49,19.69,978.17
2026-08-11 09:36:49,20.24,978.08
2026-08-11 09:41:49,20.52,978.07
2026-08-11 09:46:49,21.14,978.12
2026-08-11 09:51:49,21.05,978.12
2026-08-11 09:56:49,21.54,978.18
2026-08-11 10:01:49,20.11,978.28
2026-08-11 10:06:49,20.2,978.33
2026-08-11 10:11:49,19.85,978.32
2026-08-11 10:16:49,20.57,978.42
2026-08-11 10:21:49,20.76,978.43
2026-08-11 10:26:49,20.7,978.42
2026-08-11 10:31:49,21.37,978.47
2026-08-11 10:36:49,21.7,978.54
2026-08-11 10:41:49,21.08,978.45
2026-08-11 10:46:49,20.58,978.52
2026-08-11 10:51:49,21.14,978.51
2026-08-11 10:56:49,21.44,978.48
2026-08-11 11:01:49,22.07,978.55
2026-08-11 11:06:49,21.97,978.48
2026-08-11 11:11:49,20.65,978.6
2026-08-11 11:16:49,19.51,978.59
2026-08-11 11:21:49,20.93,978.54
2026-08-11 11:26:49,20.37,978.52
2026-08-11 11:31:49,21.78,978.48
2026-08-11 11:36:49,22.54,978.52
2026-08-11 11:41:49,23.07,978.5
2026-08-11 11:46:49,20.79,978.59
2026-08-11 11:51:49,20.68,978.6
2026-08-11 11:56:49,21.06,978.59
2026-08-11 12:01:49,21.67,978.51
2026-08-11 12:06:49,22.8,978.49
2026-08-11 12:11:49,23.65,978.59
2026-08-11 12:16:49,21.44,978.58
2026-08-11 12:21:49,21.9,978.66
2026-08-11 12:26:49,22.96,978.49
2026-08-11 12:31:49,22.15,978.67
2026-08-11 12:36:49,22.86,978.5
2026-08-11 12:41:49,22.75,978.56
2026-08-11 12:46:49,22.29,978.5
2026-08-11 12:51:49,23.29,978.55
2026-08-11 12:56:49,24.84,978.54
2026-08-11 13:01:49,24.41,978.54
2026-08-11 13:06:49,22.53,978.66
2026-08-11 13:11:49,22.99,978.58
2026-08-11 13:16:49,22.5,978.6
2026-08-11 13:21:49,22.35,978.63
2026-08-11 13:26:49,23.46,978.61
2026-08-11 13:31:49,21.78,978.7
2026-08-11 13:36:49,22.08,978.66
2026-08-11 13:41:49,22.57,978.65
2026-08-11 13:46:49,23.87,978.64
2026-08-11 13:51:49,25.16,978.6
2026-08-11 13:56:49,24.21,978.56
2026-08-11 14:01:49,24.48,978.6
2026-08-11 14:06:49,24.05,978.52
2026-08-11 14:11:49,23.79,978.5
2026-08-11 14:16:49,23.71,978.54
2026-08-11 14:21:49,23.39,978.52
2026-08-11 14:26:49,23.24,978.52
2026-08-11 14:31:49,23.2,978.43
2026-08-11 14:36:49,23.86,978.49
2026-08-11 14:41:49,24.21,978.47
2026-08-11 14:46:49,24.39,978.44
2026-08-11 14:51:49,23.51,978.49
2026-08-11 14:56:49,21.99,978.55
2026-08-11 15:01:49,22.1,978.56
2026-08-11 15:06:49,21.67,978.6
2026-08-11 15:11:49,21.91,978.64
2026-08-11 15:16:49,21.9,978.62
2026-08-11 15:21:49,22.25,978.65
2026-08-11 15:26:49,21.97,978.64
2026-08-11 15:31:49,22.42,978.59
2026-08-11 15:36:49,22.33,978.62
2026-08-11 15:41:49,22.54,978.65
2026-08-11 15:46:49,22.95,978.53
2026-08-11 15:51:49,22.99,978.6
2026-08-11 15:56:49,23.28,978.65
2026-08-11 16:01:49,21.82,978.69
2026-08-11 16:06:49,21.37,978.72
2026-08-11 16:11:49,21.52,978.66
2026-08-11 16:16:49,22.01,978.58
2026-08-11 16:21:49,22.25,978.62
2026-08-11 16:26:49,22.65,978.58
2026-08-11 16:31:49,22.75,978.54
2026-08-11 16:36:49,22.5,978.54
2026-08-11 16:41:49,22.85,978.57
2026-08-11 16:46:49,22.45,978.71
2026-08-11 16:51:49,22.19,978.7
2026-08-11 16:56:49,21.9,978.82
2026-08-11 17:01:49,22.01,978.76
2026-08-11 17:06:49,21.97,978.72
2026-08-11 17:11:49,22.08,978.8
2026-08-11 17:16:49,22.24,978.92
2026-08-11 17:21:49,21.63,978.87
2026-08-11 17:26:49,21.86,978.87
2026-08-11 17:31:49,22.0,978.75
2026-08-11 17:36:49,21.63,978.82
2026-08-11 17:41:49,21.8,978.78
2026-08-11 17:46:49,21.78,978.8
2026-08-11 17:51:49,21.73,978.85
2026-08-11 17:56:49,21.3,978.9
2026-08-11 18:01:49,21.46,978.94
2026-08-11 18:06:49,21.31,978.88
2026-08-11 18:11:49,21.15,978.92
2026-08-11 18:16:49,20.97,978.97
2026-08-11 18:21:49,20.9,978.98
2026-08-11 18:26:49,20.88,978.99
2026-08-11 18:31:49,20.83,978.99
2026-08-11 18:36:49,20.82,978.98
2026-08-11 18:41:49,20.79,978.99
2026-08-11 18:46:49,20.66,978.99
2026-08-11 18:51:49,20.52,979.06
2026-08-11 18:56:49,20.38,979.06
2026-08-11 19:01:49,20.34,979.07
2026-08-11 19:06:49,20.31,979.07
2026-08-11 19:11:49,20.32,979.1
2026-08-11 19:16:49,20.21,979.19
2026-08-11 19:21:49,19.96,979.2
2026-08-11 19:26:49,19.9,979.31
2026-08-11 19:31:49,19.76,979.3
2026-08-11 19:36:49,19.5,979.43
2026-08-11 19:41:49,19.31,979.47
2026-08-11 19:46:49,19.07,979.51
2026-08-11 19:51:49,18.94,979.58
2026-08-11 19:56:49,18.75,979.61
2026-08-11 20:01:49,18.61,979.72
2026-08-11 20:06:49,18.53,979.8
2026-08-11 20:11:49,18.17,979.96
2026-08-11 20:16:49,17.82,980.03
2026-08-11 20:21:49,17.73,980.16
2026-08-11 20:26:49,17.57,980.22
2026-08-11 20:31:49,17.25,980.33
2026-08-11 20:36:49,17.05,980.38
2026-08-11 20:41:49,16.99,980.42
2026-08-11 20:46:49,16.93,980.49
2026-08-11 20:51:49,16.8,980.6
2026-08-11 20:56:49,16.78,980.66
2026-08-11 21:01:49,16.63,980.75
2026-08-11 21:06:49,16.57,980.78
2026-08-11 21:11:49,16.61,980.88
2026-08-11 21:16:49,16.33,980.9
2026-08-11 21:21:49,16.13,980.96
2026-08-11 21:26:49,16.05,980.97
2026-08-11 21:31:49,15.97,981.03
2026-08-11 21:36:49,15.86,981.14
2026-08-11 21:41:49,15.88,981.22
2026-08-11 21:46:49,15.6,981.22
2026-08-11 21:51:49,15.38,981.17
2026-08-11 21:56:49,15.31,981.2
2026-08-11 22:01:49,15.36,981.28
2026-08-11 22:06:49,15.29,981.4
2026-08-11 22:11:49,15.02,981.35
2026-08-11 22:16:49,15.07,981.41
2026-08-11 22:21:49,14.98,981.51
2026-08-11 22:26:49,14.94,981.58
2026-08-11 22:31:49,15.04,981.61
2026-08-11 22:36:49,15.0,981.65
2026-08-11 22:41:49,14.88,981.74
2026-08-11 22:46:49,14.68,981.73
2026-08-11 22:51:49,14.69,981.78
2026-08-11 22:56:49,14.69,981.89
2026-08-11 23:01:49,14.62,981.93
2026-08-11 23:06:49,14.37,982.07
2026-08-11 23:11:49,14.31,982.07
2026-08-11 23:16:49,14.23,982.07
2026-08-11 23:21:49,14.15,982.15
2026-08-11 23:26:49,14.06,982.18
2026-08-11 23:31:49,13.98,982.29
2026-08-11 23:36:49,13.89,982.36
2026-08-11 23:41:49,13.72,982.32
2026-08-11 23:46:49,13.47,982.37
2026-08-11 23:51:49,13.18,982.46
2026-08-11 23:56:49,13.01,982.46
2026-08-12 00:01:49,12.85,982.58
2026-08-12 00:06:49,12.76,982.61
2026-08-12 00:11:49,12.63,982.57
2026-08-12 00:16:49,12.47,982.65
2026-08-12 00:21:49,12.36,982.7
2026-08-12 00:26:49,12.36,982.74
2026-08-12 00:31:49,12.3,982.75
2026-08-12 00:36:49,12.25,982.77
2026-08-12 00:41:49,12.16,982.76
2026-08-12 00:46:49,12.11,982.83
2026-08-12 00:51:49,11.97,982.88
2026-08-12 00:56:49,11.92,982.81
2026-08-12 01:01:49,11.89,982.82
2026-08-12 01:06:49,11.84,982.81
2026-08-12 01:11:49,11.83,982.82
2026-08-12 01:16:49,11.81,982.86
2026-08-12 01:21:49,11.75,982.87
2026-08-12 01:26:49,11.69,982.89
2026-08-12 01:31:49,11.63,982.85
2026-08-12 01:36:49,11.63,982.92
2026-08-12 01:41:49,11.63,982.88
2026-08-12 01:46:49,11.58,982.94
2026-08-12 01:51:49,11.53,982.9
2026-08-12 01:56:49,11.43,982.88
2026-08-12 02:01:49,11.41,982.83
2026-08-12 02:06:49,11.35,982.83
2026-08-12 02:11:49,11.32,982.88
2026-08-12 02:16:49,11.27,982.9
2026-08-12 02:21:49,11.16,982.97
2026-08-12 02:26:49,11.01,982.93
2026-08-12 02:31:49,10.96,982.86
2026-08-12 02:36:49,10.85,982.9
2026-08-12 02:41:49,10.63,982.86
2026-08-12 02:46:49,10.55,982.86
2026-08-12 02:51:49,10.51,982.82
2026-08-12 02:56:49,10.4,982.84
2026-08-12 03:01:49,10.47,982.83
2026-08-12 03:06:49,10.38,982.86
2026-08-12 03:11:49,10.18,982.88
2026-08-12 03:16:49,10.14,982.95
2026-08-12 03:21:49,10.13,982.87
2026-08-12 03:26:49,10.12,982.85
2026-08-12 03:31:49,10.06,982.86
2026-08-12 03:36:49,10.03,982.85
2026-08-12 03:41:49,9.94,982.81
2026-08-12 03:46:49,9.83,982.82
2026-08-12 03:51:49,9.76,982.84
2026-08-12 03:56:49,9.74,982.84
2026-08-12 04:01:49,9.74,982.88
2026-08-12 04:06:49,9.64,982.86
2026-08-12 04:11:49,9.61,982.87
2026-08-12 04:16:49,9.68,982.88
2026-08-12 04:21:49,9.63,982.86
2026-08-12 04:26:49,9.47,982.86
2026-08-12 04:31:49,9.5,982.92
2026-08-12 04:36:49,9.51,982.95
2026-08-12 04:41:49,9.46,982.96
2026-08-12 04:46:49,9.38,982.99
2026-08-12 04:51:49,9.33,983.04
2026-08-12 04:56:49,9.3,983.11
2026-08-12 05:01:49,9.26,983.14
2026-08-12 05:06:49,9.19,983.14
2026-08-12 05:11:49,9.12,983.14
2026-08-12 05:16:49,9.08,983.15
2026-08-12 05:21:49,9.05,983.24
2026-08-12 05:26:49,9.03,983.31
2026-08-12 05:31:49,9.05,983.28
2026-08-12 05:36:49,9.09,983.31
2026-08-12 05:41:49,9.08,983.34
2026-08-12 05:46:49,9.16,983.39
2026-08-12 05:51:49,9.23,983.41
2026-08-12 05:56:49,9.32,983.49
2026-08-12 06:01:49,9.47,983.48
2026-08-12 06:06:49,9.54,983.51
2026-08-12 06:11:49,9.54,983.57
2026-08-12 06:16:49,9.63,983.59
2026-08-12 06:21:49,9.71,983.63
2026-08-12 06:26:49,9.86,983.63
2026-08-12 06:31:49,10.12,983.64
2026-08-12 06:36:49,10.27,983.61
2026-08-12 06:41:49,10.55,983.6
2026-08-12 06:46:49,10.89,983.66
2026-08-12 06:51:49,11.19,983.62
2026-08-12 06:56:49,11.45,983.71
2026-08-12 07:01:49,11.68,983.81
2026-08-12 07:06:49,11.96,983.86
2026-08-12 07:11:49,12.27,983.91
